npz_path,label,video_path,frames_T,fps_orig,stride,detect_rate,mean_visibility,vis_p50,vis_p90,nan_rate_xyz,wall_s,eff_fps,mem_mb_delta
../output/mediapipe_pose_npz/deadlift__0925f4eb-58fa-4e45-a6e7-e03265f0372d.npz,deadlift,../data/deadlift/0925f4eb-58fa-4e45-a6e7-e03265f0372d.mp4,121,23.976023976023978,2,1.0,0.9413756132125854,0.9439899325370789,0.9476550221443176,0.0,8.320894333999604,14.541706112717685,
../output/mediapipe_pose_npz/deadlift__096dc686-5b40-4e09-998d-ea556004b722.npz,deadlift,../data/deadlift/096dc686-5b40-4e09-998d-ea556004b722.mp4,125,25.0,2,0.0,0.0,0.0,0.0,1.0,0.15362574998289347,813.6656778822495,
../output/mediapipe_pose_npz/deadlift__1ac971de-e625-4c80-9248-fed992df8105.npz,deadlift,../data/deadlift/1ac971de-e625-4c80-9248-fed992df8105.mp4,120,23.976023976023978,2,0.0,0.0,0.0,0.0,1.0,0.2627131249755621,456.7720018219971,
../output/mediapipe_pose_npz/deadlift__27cf6847-84de-4e59-bafa-f1b22d449ad5.npz,deadlift,../data/deadlift/27cf6847-84de-4e59-bafa-f1b22d449ad5.mp4,120,23.976023976023978,2,0.0,0.0,0.0,0.0,1.0,0.24530479195527732,489.18734543872165,
../output/mediapipe_pose_npz/deadlift__27d43f0b-0e8f-45e6-80e5-e65a2b1c7b50.npz,deadlift,../data/deadlift/27d43f0b-0e8f-45e6-80e5-e65a2b1c7b50.mp4,150,60.0,4,0.0,0.0,0.0,0.0,1.0,0.5802460830309428,258.5110083233443,
../output/mediapipe_pose_npz/deadlift__2b599cbd-a4f7-45b6-bda9-0316270f9c04.npz,deadlift,../data/deadlift/2b599cbd-a4f7-45b6-bda9-0316270f9c04.mp4,150,30.0,2,0.0,0.0,0.0,0.0,1.0,0.18651491595664993,804.2252236537652,
../output/mediapipe_pose_npz/deadlift__2e22d77e-94ce-47f6-912d-a28f1c4f70cf.npz,deadlift,../data/deadlift/2e22d77e-94ce-47f6-912d-a28f1c4f70cf.mp4,120,60.0,4,0.0,0.0,0.0,0.0,1.0,1.9715474579716101,60.865894713718816,
../output/mediapipe_pose_npz/deadlift__3a2e4a07-4587-4474-9eb0-434a701de631.npz,deadlift,../data/deadlift/3a2e4a07-4587-4474-9eb0-434a701de631.mp4,199,19.75,1,0.0,0.0,0.0,0.0,1.0,0.8748707079794258,227.4621817658111,
../output/mediapipe_pose_npz/deadlift__3fe08ad6-0a66-494c-8479-d70239564ff4.npz,deadlift,../data/deadlift/3fe08ad6-0a66-494c-8479-d70239564ff4.mp4,121,24.0,2,0.0,0.0,0.0,0.0,1.0,0.13632991595659405,887.552810041525,
../output/mediapipe_pose_npz/deadlift__516273ac-d834-4336-b735-0f3009eef3cc.npz,deadlift,../data/deadlift/516273ac-d834-4336-b735-0f3009eef3cc.mp4,121,23.976023976023978,2,0.0,0.0,0.0,0.0,1.0,0.958218207990285,126.27603920591203,
../output/mediapipe_pose_npz/deadlift__57a9987d-47f1-431d-8e5f-af96be5696b4.npz,deadlift,../data/deadlift/57a9987d-47f1-431d-8e5f-af96be5696b4.mp4,121,23.976023976023978,2,0.0,0.0,0.0,0.0,1.0,1.0078661250299774,120.05562742412941,
../output/mediapipe_pose_npz/deadlift__5a6e34c5-9c3c-4dcf-8d6d-72108248a99d.npz,deadlift,../data/deadlift/5a6e34c5-9c3c-4dcf-8d6d-72108248a99d.mp4,125,25.0,2,0.0,0.0,0.0,0.0,1.0,0.157474874984473,793.7774201270202,
../output/mediapipe_pose_npz/deadlift__5d221d49-d691-4581-a76e-d139e80df0d9.npz,deadlift,../data/deadlift/5d221d49-d691-4581-a76e-d139e80df0d9.mp4,120,23.976023976023978,2,0.0,0.0,0.0,0.0,1.0,0.25608274998376146,468.598529216081,
../output/mediapipe_pose_npz/deadlift__5f16d9eb-3d0a-4f1d-97d7-0e9b05393829.npz,deadlift,../data/deadlift/5f16d9eb-3d0a-4f1d-97d7-0e9b05393829.mp4,150,29.97002997002997,2,0.0,0.0,0.0,0.0,1.0,0.18776075000641868,798.8890116537785,
../output/mediapipe_pose_npz/deadlift__5f520743-d93f-4b0f-9ed0-d7eab1a7f739.npz,deadlift,../data/deadlift/5f520743-d93f-4b0f-9ed0-d7eab1a7f739.mp4,125,25.0,2,0.0,0.0,0.0,0.0,1.0,0.15466545900562778,808.195965690385,
../output/mediapipe_pose_npz/deadlift__625d3ad8-6ac0-42a9-acb0-dc84fd260424.npz,deadlift,../data/deadlift/625d3ad8-6ac0-42a9-acb0-dc84fd260424.mp4,120,30.0,2,0.0,0.0,0.0,0.0,1.0,0.2775365000125021,432.375561393166,
../output/mediapipe_pose_npz/deadlift__6462b813-527f-407d-b636-93dd10a8b948.npz,deadlift,../data/deadlift/6462b813-527f-407d-b636-93dd10a8b948.mp4,120,23.976023976023978,2,0.0,0.0,0.0,0.0,1.0,0.23931783402804285,501.42523012279395,
../output/mediapipe_pose_npz/deadlift__6c0028f5-d3b1-4075-a2d5-d176b3e7dafb.npz,deadlift,../data/deadlift/6c0028f5-d3b1-4075-a2d5-d176b3e7dafb.mp4,120,23.976023976023978,2,0.0,0.0,0.0,0.0,1.0,0.9699501660070382,123.7176962338179,
../output/mediapipe_pose_npz/deadlift__79dee13d-13ab-460e-997b-7283ef9c242b.npz,deadlift,../data/deadlift/79dee13d-13ab-460e-997b-7283ef9c242b.mp4,150,30.0,2,0.0,0.0,0.0,0.0,1.0,0.3538064999738708,423.9605547413,
../output/mediapipe_pose_npz/deadlift__7c55df16-fa5d-4080-bdd5-310a66d72a2d.npz,deadlift,../data/deadlift/7c55df16-fa5d-4080-bdd5-310a66d72a2d.mp4,72,23.976023976023978,2,0.0,0.0,0.0,0.0,1.0,0.7253652500221506,99.26033815074726,
../output/mediapipe_pose_npz/deadlift__7e8d0739-80f9-4748-ae0c-735be24e46b1.npz,deadlift,../data/deadlift/7e8d0739-80f9-4748-ae0c-735be24e46b1.mp4,120,23.976023976023978,2,0.0,0.0,0.0,0.0,1.0,0.27152795798610896,441.94344070506014,
../output/mediapipe_pose_npz/deadlift__7f1654d5-8fee-4c31-b67c-c25aeb95cdd5.npz,deadlift,../data/deadlift/7f1654d5-8fee-4c31-b67c-c25aeb95cdd5.mp4,125,25.0,2,0.0,0.0,0.0,0.0,1.0,0.17503491597017273,714.1432285504735,
../output/mediapipe_pose_npz/deadlift__812f89ff-1130-4439-aac6-62fd8c519593.npz,deadlift,../data/deadlift/812f89ff-1130-4439-aac6-62fd8c519593.mp4,121,23.976023976023978,2,0.0,0.0,0.0,0.0,1.0,0.27672070800326765,437.2639867579812,
../output/mediapipe_pose_npz/deadlift__8a7a0a83-339f-485c-9063-c4175e0349f7.npz,deadlift,../data/deadlift/8a7a0a83-339f-485c-9063-c4175e0349f7.mp4,120,23.976023976023978,2,0.0,0.0,0.0,0.0,1.0,1.3187350829830393,90.99628996640818,
../output/mediapipe_pose_npz/deadlift__8f36733f-e692-49d7-8bfa-237467959303.npz,deadlift,../data/deadlift/8f36733f-e692-49d7-8bfa-237467959303.mp4,121,23.976023976023978,2,0.0,0.0,0.0,0.0,1.0,1.0618565000477247,113.95136724647983,
../output/mediapipe_pose_npz/deadlift__9262eaae-fe13-4d51-af06-be2c70da0503.npz,deadlift,../data/deadlift/9262eaae-fe13-4d51-af06-be2c70da0503.mp4,121,23.976023976023978,2,0.0,0.0,0.0,0.0,1.0,0.2603481660480611,464.7622521668273,
../output/mediapipe_pose_npz/deadlift__995f7850-58e2-4c7a-8c3a-165d874f12ec.npz,deadlift,../data/deadlift/995f7850-58e2-4c7a-8c3a-165d874f12ec.mp4,150,30.0,2,0.0,0.0,0.0,0.0,1.0,0.3543216659454629,423.34413731021453,
../output/mediapipe_pose_npz/deadlift__acb5d815-4867-4a81-a7b3-7183ef9aa561.npz,deadlift,../data/deadlift/acb5d815-4867-4a81-a7b3-7183ef9aa561.mp4,125,25.0,2,0.0,0.0,0.0,0.0,1.0,0.15439704101299867,809.6010077646259,
../output/mediapipe_pose_npz/deadlift__b6fbc8b7-e2be-4898-8be4-60e4bcfc5533.npz,deadlift,../data/deadlift/b6fbc8b7-e2be-4898-8be4-60e4bcfc5533.mp4,120,23.976023976023978,2,0.0,0.0,0.0,0.0,1.0,0.24843874998623505,483.0164376799058,
../output/mediapipe_pose_npz/deadlift__cc018374-fcf7-47aa-8bdb-3f7bccf4f4cc.npz,deadlift,../data/deadlift/cc018374-fcf7-47aa-8bdb-3f7bccf4f4cc.mp4,125,25.0,2,0.0,0.0,0.0,0.0,1.0,0.15757949999533594,793.2503910959216,
../output/mediapipe_pose_npz/deadlift__d471ea3e-587c-4ad4-8d8d-fc99c14b6381.npz,deadlift,../data/deadlift/d471ea3e-587c-4ad4-8d8d-fc99c14b6381.mp4,134,60.0,4,0.0,0.0,0.0,0.0,1.0,0.8350688749924302,160.46580589081913,
../output/mediapipe_pose_npz/deadlift__d8567dbc-38cc-4cb2-bc79-ca64239c4b52.npz,deadlift,../data/deadlift/d8567dbc-38cc-4cb2-bc79-ca64239c4b52.mp4,150,30.0,2,0.0,0.0,0.0,0.0,1.0,0.4925637089763768,304.5291345392114,
../output/mediapipe_pose_npz/deadlift__deadlift_1.npz,deadlift,../data/deadlift/deadlift_1.mp4,75,29.97002997002997,2,0.0,0.0,0.0,0.0,1.0,0.15808941598515958,474.41506145509777,
../output/mediapipe_pose_npz/deadlift__deadlift_10.npz,deadlift,../data/deadlift/deadlift_10.mp4,75,29.97002997002997,2,0.0,0.0,0.0,0.0,1.0,0.15396487503312528,487.1240923221214,
../output/mediapipe_pose_npz/deadlift__deadlift_11.npz,deadlift,../data/deadlift/deadlift_11.mp4,61,29.97002997002997,2,0.0,0.0,0.0,0.0,1.0,0.12363537499913946,493.3862982210761,
../output/mediapipe_pose_npz/deadlift__deadlift_12.npz,deadlift,../data/deadlift/deadlift_12.mp4,47,29.97002997002997,2,0.0,0.0,0.0,0.0,1.0,0.1051772499922663,446.8646974840654,
../output/mediapipe_pose_npz/deadlift__deadlift_13.npz,deadlift,../data/deadlift/deadlift_13.mp4,132,29.97002997002997,2,0.0,0.0,0.0,0.0,1.0,0.28832179098390043,457.82179539586286,
../output/mediapipe_pose_npz/deadlift__deadlift_14.npz,deadlift,../data/deadlift/deadlift_14.mp4,75,29.97002997002997,2,0.0,0.0,0.0,0.0,1.0,0.16953112499322742,442.3966395727992,
../output/mediapipe_pose_npz/deadlift__deadlift_15.npz,deadlift,../data/deadlift/deadlift_15.mp4,34,29.97002997002997,2,0.0,0.0,0.0,0.0,1.0,0.07421929104020819,458.101923684242,
../output/mediapipe_pose_npz/deadlift__deadlift_16.npz,deadlift,../data/deadlift/deadlift_16.mp4,55,29.97002997002997,2,0.0,0.0,0.0,0.0,1.0,0.11590129201067612,474.5417332788123,
../output/mediapipe_pose_npz/deadlift__deadlift_17.npz,deadlift,../data/deadlift/deadlift_17.mp4,74,29.97002997002997,2,0.0,0.0,0.0,0.0,1.0,0.14787929196609184,500.4081302807963,
../output/mediapipe_pose_npz/deadlift__deadlift_18.npz,deadlift,../data/deadlift/deadlift_18.mp4,53,29.97002997002997,2,0.0,0.0,0.0,0.0,1.0,0.10947670898167416,484.12123905617153,
../output/mediapipe_pose_npz/deadlift__deadlift_19.npz,deadlift,../data/deadlift/deadlift_19.mp4,31,29.97002997002997,2,0.0,0.0,0.0,0.0,1.0,0.0689586250227876,449.5449262475281,
../output/mediapipe_pose_npz/deadlift__deadlift_2.npz,deadlift,../data/deadlift/deadlift_2.mp4,75,29.97002997002997,2,0.0,0.0,0.0,0.0,1.0,0.1565362919936888,479.12211950838747,
../output/mediapipe_pose_npz/deadlift__deadlift_20.npz,deadlift,../data/deadlift/deadlift_20.mp4,30,29.97002997002997,2,0.0,0.0,0.0,0.0,1.0,0.06554100004723296,457.72874961291586,
../output/mediapipe_pose_npz/deadlift__deadlift_21.npz,deadlift,../data/deadlift/deadlift_21.mp4,98,29.97002997002997,2,0.0,0.0,0.0,0.0,1.0,0.19361725001363084,506.15324818992474,
../output/mediapipe_pose_npz/deadlift__deadlift_22.npz,deadlift,../data/deadlift/deadlift_22.mp4,35,29.97002997002997,2,0.0,0.0,0.0,0.0,1.0,0.08429895795416087,415.18899935906563,
../output/mediapipe_pose_npz/deadlift__deadlift_23.npz,deadlift,../data/deadlift/deadlift_23.mp4,36,29.97002997002997,2,0.0,0.0,0.0,0.0,1.0,0.07787566696060821,462.2753345818515,
../output/mediapipe_pose_npz/deadlift__deadlift_24.npz,deadlift,../data/deadlift/deadlift_24.mp4,52,29.97002997002997,2,0.0,0.0,0.0,0.0,1.0,0.10515258298255503,494.5194737501301,
../output/mediapipe_pose_npz/deadlift__deadlift_25.npz,deadlift,../data/deadlift/deadlift_25.mp4,469,24.0,2,0.0,0.0,0.0,0.0,1.0,1.3662120830267668,343.2849158828669,
../output/mediapipe_pose_npz/deadlift__deadlift_26.npz,deadlift,../data/deadlift/deadlift_26.mp4,90,24.0,2,0.0,0.0,0.0,0.0,1.0,0.23936491698259488,375.9949500308111,
../output/mediapipe_pose_npz/deadlift__deadlift_27.npz,deadlift,../data/deadlift/deadlift_27.mp4,83,24.0,2,0.0,0.0,0.0,0.0,1.0,0.20199220802169293,410.9069394948454,
../output/mediapipe_pose_npz/deadlift__deadlift_28.npz,deadlift,../data/deadlift/deadlift_28.mp4,96,24.0,2,0.0,0.0,0.0,0.0,1.0,0.1992250420153141,481.8671339149254,
../output/mediapipe_pose_npz/deadlift__deadlift_29.npz,deadlift,../data/deadlift/deadlift_29.mp4,52,24.0,2,0.0,0.0,0.0,0.0,1.0,0.11648062500171363,446.4261760205613,
../output/mediapipe_pose_npz/deadlift__deadlift_3.npz,deadlift,../data/deadlift/deadlift_3.mp4,75,29.97002997002997,2,0.0,0.0,0.0,0.0,1.0,0.1493747080094181,502.0930316748886,
../output/mediapipe_pose_npz/deadlift__deadlift_30.npz,deadlift,../data/deadlift/deadlift_30.mp4,93,24.0,2,0.0,0.0,0.0,0.0,1.0,0.21799637499498203,426.6125984991298,
../output/mediapipe_pose_npz/deadlift__deadlift_31.npz,deadlift,../data/deadlift/deadlift_31.mp4,72,24.0,2,0.0,0.0,0.0,0.0,1.0,0.16009383299387991,449.7362493829005,
../output/mediapipe_pose_npz/deadlift__deadlift_32.npz,deadlift,../data/deadlift/deadlift_32.mp4,53,25.0,2,0.0,0.0,0.0,0.0,1.0,0.09996262495405972,530.1981618065497,
../output/mediapipe_pose_npz/deadlift__deadlift_4.npz,deadlift,../data/deadlift/deadlift_4.mp4,75,29.97002997002997,2,0.0,0.0,0.0,0.0,1.0,0.15309837501263246,489.8810976524839,
../output/mediapipe_pose_npz/deadlift__deadlift_5.npz,deadlift,../data/deadlift/deadlift_5.mp4,75,29.97002997002997,2,0.0,0.0,0.0,0.0,1.0,0.15500491601414979,483.8556216704349,
../output/mediapipe_pose_npz/deadlift__deadlift_6.npz,deadlift,../data/deadlift/deadlift_6.mp4,75,29.97002997002997,2,0.0,0.0,0.0,0.0,1.0,0.16450533299939707,455.912271247005,
../output/mediapipe_pose_npz/deadlift__deadlift_7.npz,deadlift,../data/deadlift/deadlift_7.mp4,75,29.97002997002997,2,0.0,0.0,0.0,0.0,1.0,0.15924654202535748,470.9678404700143,
../output/mediapipe_pose_npz/deadlift__deadlift_8.npz,deadlift,../data/deadlift/deadlift_8.mp4,75,29.97002997002997,2,0.0,0.0,0.0,0.0,1.0,0.15904383402084932,471.56810863958503,
../output/mediapipe_pose_npz/deadlift__deadlift_9.npz,deadlift,../data/deadlift/deadlift_9.mp4,74,29.97002997002997,2,0.0,0.0,0.0,0.0,1.0,0.16270687500946224,454.8056128279553,
../output/mediapipe_pose_npz/deadlift__e6fa6400-593b-4f65-adc7-04b88e005d2c.npz,deadlift,../data/deadlift/e6fa6400-593b-4f65-adc7-04b88e005d2c.mp4,150,60.0,4,0.0,0.0,0.0,0.0,1.0,0.6374452090240084,235.31434212152104,
../output/mediapipe_pose_npz/deadlift__fad0c258-c9e9-419a-a813-29e86ee6886d.npz,deadlift,../data/deadlift/fad0c258-c9e9-419a-a813-29e86ee6886d.mp4,150,30.0,2,0.0,0.0,0.0,0.0,1.0,0.3481512500438839,430.84722511004264,
../output/mediapipe_pose_npz/hammer curl__025f35e2-102a-4f99-bca8-16cd509774f3.npz,hammer curl,../data/hammer curl/025f35e2-102a-4f99-bca8-16cd509774f3.mp4,125,25.0,2,0.0,0.0,0.0,0.0,1.0,0.07173108297865838,1742.6197236864573,
../output/mediapipe_pose_npz/hammer curl__05b6578e-f240-4953-b597-dd85b537eee5.npz,hammer curl,../data/hammer curl/05b6578e-f240-4953-b597-dd85b537eee5.mp4,120,23.976023976023978,2,0.0,0.0,0.0,0.0,1.0,0.25308125000447035,474.15602695924866,
../output/mediapipe_pose_npz/hammer curl__17c7adb3-ee32-401e-976d-7f56819bd516.npz,hammer curl,../data/hammer curl/17c7adb3-ee32-401e-976d-7f56819bd516.mp4,60,30.0,2,0.0,0.0,0.0,0.0,1.0,0.12452095799380913,481.8465980881953,
../output/mediapipe_pose_npz/hammer curl__274d3a10-a171-49b9-8a0d-ff38054e5e48.npz,hammer curl,../data/hammer curl/274d3a10-a171-49b9-8a0d-ff38054e5e48.mp4,150,59.94005994005994,4,0.0,0.0,0.0,0.0,1.0,0.2856105830287561,525.1906228730242,
../output/mediapipe_pose_npz/hammer curl__2d518a65-4a3a-4db6-b8b8-e914096c9831.npz,hammer curl,../data/hammer curl/2d518a65-4a3a-4db6-b8b8-e914096c9831.mp4,63,25.0,2,0.0,0.0,0.0,0.0,1.0,0.040282499976456165,1563.9545717575,
../output/mediapipe_pose_npz/hammer curl__355a8c82-a19d-4739-b9f5-a4d22aca8e98.npz,hammer curl,../data/hammer curl/355a8c82-a19d-4739-b9f5-a4d22aca8e98.mp4,150,29.97002997002997,2,0.0,0.0,0.0,0.0,1.0,0.14218941697617993,1054.9308323356338,
../output/mediapipe_pose_npz/hammer curl__370bff27-41c5-4bdc-b160-2a74c1ab742c.npz,hammer curl,../data/hammer curl/370bff27-41c5-4bdc-b160-2a74c1ab742c.mp4,150,30.0,2,0.0,0.0,0.0,0.0,1.0,0.09721095900749788,1543.0359038884753,
../output/mediapipe_pose_npz/hammer curl__386c14ce-4800-4462-bd0d-669a38a2d85c.npz,hammer curl,../data/hammer curl/386c14ce-4800-4462-bd0d-669a38a2d85c.mp4,150,30.0,2,0.0,0.0,0.0,0.0,1.0,0.28398137498879805,528.2036542217493,
../output/mediapipe_pose_npz/hammer curl__388ccfd0-cd61-4baf-bf0b-1ba409f5a923.npz,hammer curl,../data/hammer curl/388ccfd0-cd61-4baf-bf0b-1ba409f5a923.mp4,60,30.0,2,0.0,0.0,0.0,0.0,1.0,0.04327345796627924,1386.5312091942108,
../output/mediapipe_pose_npz/hammer curl__38f59d95-aef9-4039-9234-b584e74d80b5.npz,hammer curl,../data/hammer curl/38f59d95-aef9-4039-9234-b584e74d80b5.mp4,150,29.97002997002997,2,0.0,0.0,0.0,0.0,1.0,0.34391525003593415,436.1539652118572,
../output/mediapipe_pose_npz/hammer curl__3b4df2b0-a5d7-4d8b-b349-a6afac2ccda9.npz,hammer curl,../data/hammer curl/3b4df2b0-a5d7-4d8b-b349-a6afac2ccda9.mp4,150,29.97002997002997,2,0.0,0.0,0.0,0.0,1.0,0.15586574998451397,962.3666521663883,
../output/mediapipe_pose_npz/hammer curl__3fef36a1-c2ea-40bf-8204-e35aa3825d1d.npz,hammer curl,../data/hammer curl/3fef36a1-c2ea-40bf-8204-e35aa3825d1d.mp4,120,30.0,2,0.0,0.0,0.0,0.0,1.0,0.287435749953147,417.4846031489138,
../output/mediapipe_pose_npz/hammer curl__41b071ed-0646-4a53-b083-ce2af67efcde.npz,hammer curl,../data/hammer curl/41b071ed-0646-4a53-b083-ce2af67efcde.mp4,91,29.97002997002997,2,0.0,0.0,0.0,0.0,1.0,0.09657162497751415,942.3057758548491,
../output/mediapipe_pose_npz/hammer curl__5a7a593c-ee6a-4e2d-be88-44602a692592.npz,hammer curl,../data/hammer curl/5a7a593c-ee6a-4e2d-be88-44602a692592.mp4,150,59.94005994005994,4,0.0,0.0,0.0,0.0,1.0,0.26724237500457093,561.2882313197314,
../output/mediapipe_pose_npz/hammer curl__5caf4fbb-8206-45b4-b059-a5ba94a81b6e.npz,hammer curl,../data/hammer curl/5caf4fbb-8206-45b4-b059-a5ba94a81b6e.mp4,135,30.0,2,0.0,0.0,0.0,0.0,1.0,0.15710204100469127,859.314106530091,
../output/mediapipe_pose_npz/hammer curl__5d4e8a39-e833-48e1-aaed-6fb494672e3a.npz,hammer curl,../data/hammer curl/5d4e8a39-e833-48e1-aaed-6fb494672e3a.mp4,151,59.94005994005994,4,0.0,0.0,0.0,0.0,1.0,0.2595284159760922,581.8245352135549,
../output/mediapipe_pose_npz/hammer curl__65631ee4-e522-4d45-902b-a2ec1a4a4f5b.npz,hammer curl,../data/hammer curl/65631ee4-e522-4d45-902b-a2ec1a4a4f5b.mp4,150,30.0,2,0.0,0.0,0.0,0.0,1.0,0.09495579201029614,1579.6824693298895,
../output/mediapipe_pose_npz/hammer curl__72400ace-bc65-4e16-978d-ffd01995debf.npz,hammer curl,../data/hammer curl/72400ace-bc65-4e16-978d-ffd01995debf.mp4,120,23.976023976023978,2,0.0,0.0,0.0,0.0,1.0,0.04792383301537484,2503.973335386212,
../output/mediapipe_pose_npz/hammer curl__74ec856b-7a54-47b9-8944-646ee276dcad.npz,hammer curl,../data/hammer curl/74ec856b-7a54-47b9-8944-646ee276dcad.mp4,150,30.0,2,0.0,0.0,0.0,0.0,1.0,0.29505741596221924,508.3756309287506,
../output/mediapipe_pose_npz/hammer curl__796e272f-a8e1-4e30-806e-ab02ace4456e.npz,hammer curl,../data/hammer curl/796e272f-a8e1-4e30-806e-ab02ace4456e.mp4,150,30.0,2,0.0,0.0,0.0,0.0,1.0,0.2858288750285283,524.7895265481092,
../output/mediapipe_pose_npz/hammer curl__79fe7746-c205-411d-bc02-14764cc1a065.npz,hammer curl,../data/hammer curl/79fe7746-c205-411d-bc02-14764cc1a065.mp4,150,30.0,2,0.0,0.0,0.0,0.0,1.0,0.3649892079993151,410.9710553422212,
../output/mediapipe_pose_npz/hammer curl__7ac6ad78-bb78-45e4-a2c0-38e22ae6dbc9.npz,hammer curl,../data/hammer curl/7ac6ad78-bb78-45e4-a2c0-38e22ae6dbc9.mp4,150,29.97002997002997,2,0.0,0.0,0.0,0.0,1.0,0.297379459021613,504.40605579653794,
../output/mediapipe_pose_npz/hammer curl__7b16d137-3cb3-4a8a-a7af-429f46aaaec5.npz,hammer curl,../data/hammer curl/7b16d137-3cb3-4a8a-a7af-429f46aaaec5.mp4,125,25.0,2,0.0,0.0,0.0,0.0,1.0,0.06807195901637897,1836.292091578023,
../output/mediapipe_pose_npz/hammer curl__82352475-2dc4-403f-a360-4767c1a3ef84.npz,hammer curl,../data/hammer curl/82352475-2dc4-403f-a360-4767c1a3ef84.mp4,60,29.97002997002997,2,0.0,0.0,0.0,0.0,1.0,0.05889458296587691,1018.7694178047507,
../output/mediapipe_pose_npz/hammer curl__8664b054-7588-470f-ba30-54229f7fd97d.npz,hammer curl,../data/hammer curl/8664b054-7588-470f-ba30-54229f7fd97d.mp4,109,23.976023976023978,2,0.0,0.0,0.0,0.0,1.0,0.04493133298819885,2425.924021186478,
../output/mediapipe_pose_npz/hammer curl__8aa77964-8055-4c92-b4c7-e256dc8873df.npz,hammer curl,../data/hammer curl/8aa77964-8055-4c92-b4c7-e256dc8873df.mp4,120,29.97002997002997,2,0.0,0.0,0.0,0.0,1.0,0.11721708398545161,1023.7415564346729,
../output/mediapipe_pose_npz/hammer curl__981db855-d65a-4a27-8e46-fb0bccbeab29.npz,hammer curl,../data/hammer curl/981db855-d65a-4a27-8e46-fb0bccbeab29.mp4,120,23.976023976023978,2,0.0,0.0,0.0,0.0,1.0,0.2513525420217775,477.41709327770815,
../output/mediapipe_pose_npz/hammer curl__98f7d897-7b6d-40ae-a866-c25feaf68768.npz,hammer curl,../data/hammer curl/98f7d897-7b6d-40ae-a866-c25feaf68768.mp4,150,30.0,2,0.0,0.0,0.0,0.0,1.0,0.2893139999941923,518.4678238972574,
../output/mediapipe_pose_npz/hammer curl__9a12072d-3412-445d-9d2b-0fd22773e166.npz,hammer curl,../data/hammer curl/9a12072d-3412-445d-9d2b-0fd22773e166.mp4,125,25.0,2,0.0,0.0,0.0,0.0,1.0,0.06815000000642613,1834.1892881616034,
../output/mediapipe_pose_npz/hammer curl__9d3b3deb-0b27-441e-97c8-bac537d28d16.npz,hammer curl,../data/hammer curl/9d3b3deb-0b27-441e-97c8-bac537d28d16.mp4,150,30.0,2,0.0,0.0,0.0,0.0,1.0,0.28922279202379286,518.6313255272782,
../output/mediapipe_pose_npz/hammer curl__ad3e30e5-ca2d-4275-9678-1804612011dc.npz,hammer curl,../data/hammer curl/ad3e30e5-ca2d-4275-9678-1804612011dc.mp4,150,30.0,2,0.0,0.0,0.0,0.0,1.0,1.167945499997586,128.43065023180452,
../output/mediapipe_pose_npz/hammer curl__b01049e8-a2c3-479c-973a-049c2a743cb0.npz,hammer curl,../data/hammer curl/b01049e8-a2c3-479c-973a-049c2a743cb0.mp4,106,30.0,2,0.0,0.0,0.0,0.0,1.0,0.06357379199471325,1667.3537423851465,
../output/mediapipe_pose_npz/hammer curl__b481cd3d-99c0-4eec-9f41-1468c3dfa32e.npz,hammer curl,../data/hammer curl/b481cd3d-99c0-4eec-9f41-1468c3dfa32e.mp4,150,29.97002997002997,2,0.0,0.0,0.0,0.0,1.0,0.13870820798911154,1081.4068047925098,
../output/mediapipe_pose_npz/hammer curl__b628aaa9-b2c3-4b8a-9aaf-2c3d536ec348.npz,hammer curl,../data/hammer curl/b628aaa9-b2c3-4b8a-9aaf-2c3d536ec348.mp4,150,30.0,2,0.0,0.0,0.0,0.0,1.0,0.09094475000165403,1649.3530412395648,
../output/mediapipe_pose_npz/hammer curl__bcfe17c9-be7e-4922-ba44-2cead2e51daa.npz,hammer curl,../data/hammer curl/bcfe17c9-be7e-4922-ba44-2cead2e51daa.mp4,106,59.94005994005994,4,0.0,0.0,0.0,0.0,1.0,0.18865966703742743,561.8583010589704,
../output/mediapipe_pose_npz/hammer curl__c46034b9-5996-4a8f-8187-28466a3cd42a.npz,hammer curl,../data/hammer curl/c46034b9-5996-4a8f-8187-28466a3cd42a.mp4,150,29.97002997002997,2,0.0,0.0,0.0,0.0,1.0,0.15146095800446346,990.3542270977817,
../output/mediapipe_pose_npz/hammer curl__c74e6197-0d8c-44bf-9a04-fee1ad934b80.npz,hammer curl,../data/hammer curl/c74e6197-0d8c-44bf-9a04-fee1ad934b80.mp4,150,29.97002997002997,2,0.0,0.0,0.0,0.0,1.0,0.33531312498962507,447.34306181614915,
../output/mediapipe_pose_npz/hammer curl__ccb5055b-54dd-4dea-bff2-826ac39b5a5f.npz,hammer curl,../data/hammer curl/ccb5055b-54dd-4dea-bff2-826ac39b5a5f.mp4,120,30.0,2,0.0,0.0,0.0,0.0,1.0,0.07653762499103323,1567.8563322817845,
../output/mediapipe_pose_npz/hammer curl__ce7652ea-b009-45b4-a806-44091ec282b5.npz,hammer curl,../data/hammer curl/ce7652ea-b009-45b4-a806-44091ec282b5.mp4,120,30.0,2,0.0,0.0,0.0,0.0,1.0,0.9111540419980884,131.70111141344393,
../output/mediapipe_pose_npz/hammer curl__d5470fe7-802b-4793-b58f-695ecf17e883.npz,hammer curl,../data/hammer curl/d5470fe7-802b-4793-b58f-695ecf17e883.mp4,150,30.0,2,0.0,0.0,0.0,0.0,1.0,0.09427945798961446,1591.0146621390584,
../output/mediapipe_pose_npz/hammer curl__d749d6f2-6deb-4594-89ba-4ff0d8979f07.npz,hammer curl,../data/hammer curl/d749d6f2-6deb-4594-89ba-4ff0d8979f07.mp4,150,29.97002997002997,2,0.0,0.0,0.0,0.0,1.0,0.1597801250172779,938.790102860288,
../output/mediapipe_pose_npz/hammer curl__e3d82aee-ac1b-477f-96ed-455f009a6c92.npz,hammer curl,../data/hammer curl/e3d82aee-ac1b-477f-96ed-455f009a6c92.mp4,150,59.94005994005994,4,0.0,0.0,0.0,0.0,1.0,0.26989091699942946,555.7800968912085,
../output/mediapipe_pose_npz/hammer curl__e5936ad9-cdb1-4c9a-8aec-fc3c0fe2c763.npz,hammer curl,../data/hammer curl/e5936ad9-cdb1-4c9a-8aec-fc3c0fe2c763.mp4,209,29.97002997002997,2,0.0,0.0,0.0,0.0,1.0,0.4060404170304537,514.7270843836334,
../output/mediapipe_pose_npz/hammer curl__e9fee8fb-142d-49b5-b522-70942ae936fb.npz,hammer curl,../data/hammer curl/e9fee8fb-142d-49b5-b522-70942ae936fb.mp4,159,24.0,2,0.0,0.0,0.0,0.0,1.0,0.41888716601533815,379.57715800292146,
../output/mediapipe_pose_npz/hammer curl__ee30a3fe-3ad3-4933-9fb8-e2a701156c3e.npz,hammer curl,../data/hammer curl/ee30a3fe-3ad3-4933-9fb8-e2a701156c3e.mp4,135,30.0,2,0.0,0.0,0.0,0.0,1.0,0.25915920798433945,520.9153132161055,
../output/mediapipe_pose_npz/hammer curl__ef8271b7-6bc8-412c-bf1f-f2b0ad8b0161.npz,hammer curl,../data/hammer curl/ef8271b7-6bc8-412c-bf1f-f2b0ad8b0161.mp4,150,30.0,2,0.0,0.0,0.0,0.0,1.0,0.29059370898175985,516.1846088327235,
../output/mediapipe_pose_npz/hammer curl__f03dd5c0-7709-4c34-8754-883c0c10e609.npz,hammer curl,../data/hammer curl/f03dd5c0-7709-4c34-8754-883c0c10e609.mp4,96,23.976023976023978,2,0.0,0.0,0.0,0.0,1.0,0.19904795900220051,482.29582700186694,
../output/mediapipe_pose_npz/hammer curl__f1dca34f-2866-4d72-a6f1-3a546fc7b136.npz,hammer curl,../data/hammer curl/f1dca34f-2866-4d72-a6f1-3a546fc7b136.mp4,150,30.0,2,0.0,0.0,0.0,0.0,1.0,0.08942387497518212,1677.404384921025,
../output/mediapipe_pose_npz/hammer curl__f4c0e974-7662-4de6-96b2-769fb5773c79.npz,hammer curl,../data/hammer curl/f4c0e974-7662-4de6-96b2-769fb5773c79.mp4,150,30.0,2,0.0,0.0,0.0,0.0,1.0,0.16893295798217878,887.9262033393385,
../output/mediapipe_pose_npz/hammer curl__hammer curl_10.npz,hammer curl,../data/hammer curl/hammer curl_10.mp4,42,30.0,2,0.0,0.0,0.0,0.0,1.0,0.08642608299851418,485.96440499012385,
../output/mediapipe_pose_npz/hammer curl__hammer curl_11.npz,hammer curl,../data/hammer curl/hammer curl_11.mp4,264,30.0,2,0.0,0.0,0.0,0.0,1.0,0.43992383300792426,600.1038820627948,
../output/mediapipe_pose_npz/hammer curl__hammer curl_12.npz,hammer curl,../data/hammer curl/hammer curl_12.mp4,47,30.0,2,0.0,0.0,0.0,0.0,1.0,0.0985993750509806,476.67644927464045,
../output/mediapipe_pose_npz/hammer curl__hammer curl_13.npz,hammer curl,../data/hammer curl/hammer curl_13.mp4,146,30.0,2,0.0,0.0,0.0,0.0,1.0,0.2490422499831766,586.2459081134332,
../output/mediapipe_pose_npz/hammer curl__hammer curl_14.npz,hammer curl,../data/hammer curl/hammer curl_14.mp4,26,30.0,2,0.0,0.0,0.0,0.0,1.0,0.06485150003572926,400.9159385006603,
../output/mediapipe_pose_npz/hammer curl__hammer curl_15.npz,hammer curl,../data/hammer curl/hammer curl_15.mp4,57,30.0,2,0.0,0.0,0.0,0.0,1.0,0.11196187505265698,509.10187037500253,
../output/mediapipe_pose_npz/hammer curl__hammer curl_16.npz,hammer curl,../data/hammer curl/hammer curl_16.mp4,152,30.0,2,0.0,0.0,0.0,0.0,1.0,0.26796870899852365,567.2304074907396,
../output/mediapipe_pose_npz/hammer curl__hammer curl_17.npz,hammer curl,../data/hammer curl/hammer curl_17.mp4,162,29.97002997002997,2,0.0,0.0,0.0,0.0,1.0,0.19034500000998378,851.0861855656989,
../output/mediapipe_pose_npz/hammer curl__hammer curl_18.npz,hammer curl,../data/hammer curl/hammer curl_18.mp4,47,29.97002997002997,2,0.0,0.0,0.0,0.0,1.0,0.059902000008150935,784.6148708491312,
../output/mediapipe_pose_npz/hammer curl__hammer curl_19.npz,hammer curl,../data/hammer curl/hammer curl_19.mp4,158,29.97002997002997,2,0.0,0.0,0.0,0.0,1.0,0.18031904101371765,876.224713218058,
../output/mediapipe_pose_npz/hammer curl__hammer curl_8.npz,hammer curl,../data/hammer curl/hammer curl_8.mp4,125,30.0,2,0.0,0.0,0.0,0.0,1.0,0.1883958749822341,663.4964805454877,
../output/mediapipe_pose_npz/hammer curl__hammer curl_9.npz,hammer curl,../data/hammer curl/hammer curl_9.mp4,71,30.0,2,0.0,0.0,0.0,0.0,1.0,0.1299954589921981,546.1729244270077,
../output/mediapipe_pose_npz/hip thrust__092507fd-22ab-4cbe-99d4-3434dd044b5b.npz,hip thrust,../data/hip thrust/092507fd-22ab-4cbe-99d4-3434dd044b5b.mp4,151,29.97002997002997,2,0.0,0.0,0.0,0.0,1.0,0.06406341603724286,2357.0394671463837,
../output/mediapipe_pose_npz/hip thrust__0c93ee38-b86c-49e9-8471-0418f61ed7d8.npz,hip thrust,../data/hip thrust/0c93ee38-b86c-49e9-8471-0418f61ed7d8.mp4,150,29.97002997002997,2,0.0,0.0,0.0,0.0,1.0,0.0636084169964306,2358.1784783044873,
../output/mediapipe_pose_npz/hip thrust__122f8be6-98a5-42b0-a515-6111f4b39070.npz,hip thrust,../data/hip thrust/122f8be6-98a5-42b0-a515-6111f4b39070.mp4,150,30.0,2,0.0,0.0,0.0,0.0,1.0,0.07040537503780797,2130.5191531108158,
../output/mediapipe_pose_npz/hip thrust__1ba94e1a-39d2-4828-ba4a-52adbaa4cfa8.npz,hip thrust,../data/hip thrust/1ba94e1a-39d2-4828-ba4a-52adbaa4cfa8.mp4,91,29.97002997002997,2,0.0,0.0,0.0,0.0,1.0,0.036288208968471736,2507.701608504941,
../output/mediapipe_pose_npz/hip thrust__20bd7da8-c416-4837-ac04-933df4be93de.npz,hip thrust,../data/hip thrust/20bd7da8-c416-4837-ac04-933df4be93de.mp4,150,30.0,2,0.0,0.0,0.0,0.0,1.0,0.28782899997895584,521.1427618862832,
../output/mediapipe_pose_npz/hip thrust__37fc9eeb-9bf6-41db-bafa-04004d25ed2a.npz,hip thrust,../data/hip thrust/37fc9eeb-9bf6-41db-bafa-04004d25ed2a.mp4,120,30.0,2,0.0,0.0,0.0,0.0,1.0,0.1304976249812171,919.5569652495359,
../output/mediapipe_pose_npz/hip thrust__3f43856d-cc39-461f-9fb4-e80e69ac38ea.npz,hip thrust,../data/hip thrust/3f43856d-cc39-461f-9fb4-e80e69ac38ea.mp4,150,30.0,2,0.0,0.0,0.0,0.0,1.0,0.3064793749945238,489.42934578446005,
../output/mediapipe_pose_npz/hip thrust__4461d58a-c884-4ce6-8a04-a8699baa7c01.npz,hip thrust,../data/hip thrust/4461d58a-c884-4ce6-8a04-a8699baa7c01.mp4,90,30.0,2,0.0,0.0,0.0,0.0,1.0,0.044715374999213964,2012.730520577812,
../output/mediapipe_pose_npz/hip thrust__6b97974b-e01d-47b9-8cee-42b27c32ff60.npz,hip thrust,../data/hip thrust/6b97974b-e01d-47b9-8cee-42b27c32ff60.mp4,151,29.97002997002997,2,0.0,0.0,0.0,0.0,1.0,0.06184229196514934,2441.694756156429,
../output/mediapipe_pose_npz/hip thrust__6edfceca-2bfa-47ca-8b84-a35c897aade5.npz,hip thrust,../data/hip thrust/6edfceca-2bfa-47ca-8b84-a35c897aade5.mp4,90,30.0,2,0.0,0.0,0.0,0.0,1.0,0.18896112497895956,476.2884429801173,
../output/mediapipe_pose_npz/hip thrust__7082407f-9389-47de-8420-eb96b0955a40.npz,hip thrust,../data/hip thrust/7082407f-9389-47de-8420-eb96b0955a40.mp4,150,29.97002997002997,2,0.0,0.0,0.0,0.0,1.0,0.05498195899417624,2728.167616142746,
../output/mediapipe_pose_npz/hip thrust__7a8338d7-d5ab-4e58-9590-826a6fe34b21.npz,hip thrust,../data/hip thrust/7a8338d7-d5ab-4e58-9590-826a6fe34b21.mp4,150,29.97002997002997,2,0.0,0.0,0.0,0.0,1.0,0.06061933300225064,2474.458107192154,
../output/mediapipe_pose_npz/hip thrust__7b8ab203-58ad-49ef-b386-fe8af9997ce0.npz,hip thrust,../data/hip thrust/7b8ab203-58ad-49ef-b386-fe8af9997ce0.mp4,150,29.97002997002997,2,0.0,0.0,0.0,0.0,1.0,0.058561624959111214,2561.4043344038473,
../output/mediapipe_pose_npz/hip thrust__7e441fca-3de5-479c-829c-30d9980c806a.npz,hip thrust,../data/hip thrust/7e441fca-3de5-479c-829c-30d9980c806a.mp4,151,29.97002997002997,2,0.0,0.0,0.0,0.0,1.0,0.06021441600751132,2507.7051312955327,
../output/mediapipe_pose_npz/hip thrust__8078412d-7295-4412-a1c3-445fb005725d.npz,hip thrust,../data/hip thrust/8078412d-7295-4412-a1c3-445fb005725d.mp4,150,29.97002997002997,2,0.0,0.0,0.0,0.0,1.0,0.0568144170101732,2640.174939630921,
../output/mediapipe_pose_npz/hip thrust__809f7f6b-f5a0-4810-9f23-55a9fb417847.npz,hip thrust,../data/hip thrust/809f7f6b-f5a0-4810-9f23-55a9fb417847.mp4,150,29.97002997002997,2,0.0,0.0,0.0,0.0,1.0,0.0631334999925457,2375.9176984914634,
../output/mediapipe_pose_npz/hip thrust__94cca5a8-bd08-4eb9-a9ec-fa2a0e07c17a.npz,hip thrust,../data/hip thrust/94cca5a8-bd08-4eb9-a9ec-fa2a0e07c17a.mp4,150,30.0,2,0.0,0.0,0.0,0.0,1.0,0.29164887499064207,514.3170876445621,
../output/mediapipe_pose_npz/hip thrust__9c3cb10a-45ae-44ab-8fb1-0c62c11b1b5b.npz,hip thrust,../data/hip thrust/9c3cb10a-45ae-44ab-8fb1-0c62c11b1b5b.mp4,151,29.97002997002997,2,0.0,0.0,0.0,0.0,1.0,0.06250254099722952,2415.901779204356,
../output/mediapipe_pose_npz/hip thrust__9eae0915-d48e-448d-a278-b4d090151a0c.npz,hip thrust,../data/hip thrust/9eae0915-d48e-448d-a278-b4d090151a0c.mp4,180,30.0,2,0.0,0.0,0.0,0.0,1.0,0.08126425003865734,2214.9961380850023,
../output/mediapipe_pose_npz/hip thrust__Barbell_Hip_Thrust_Tutorial__gluteworkout_AdobeExpress.npz,hip thrust,../data/hip thrust/Barbell_Hip_Thrust_Tutorial__gluteworkout_AdobeExpress.mp4,60,30.0,2,0.0,0.0,0.0,0.0,1.0,0.09052249998785555,662.8186363395793,
../output/mediapipe_pose_npz/hip thrust__a49b7411-4bec-4ba3-b3a3-16df46bcf578.npz,hip thrust,../data/hip thrust/a49b7411-4bec-4ba3-b3a3-16df46bcf578.mp4,125,25.0,2,0.0,0.0,0.0,0.0,1.0,1.002073791984003,124.74131246613372,
../output/mediapipe_pose_npz/hip thrust__a5eec001-177c-42a2-a851-603672ca409d.npz,hip thrust,../data/hip thrust/a5eec001-177c-42a2-a851-603672ca409d.mp4,113,25.0,2,0.0,0.0,0.0,0.0,1.0,0.8944039160269313,126.34112840422478,
../output/mediapipe_pose_npz/hip thrust__bda0aea9-ed20-4767-8b4b-78e00d5e4089.npz,hip thrust,../data/hip thrust/bda0aea9-ed20-4767-8b4b-78e00d5e4089.mp4,126,24.0,2,0.0,0.0,0.0,0.0,1.0,0.36899387498851866,341.46908266138706,
../output/mediapipe_pose_npz/hip thrust__cefc0478-22b3-4452-b313-7b9f48764f27.npz,hip thrust,../data/hip thrust/cefc0478-22b3-4452-b313-7b9f48764f27.mp4,108,23.976023976023978,2,0.0,0.0,0.0,0.0,1.0,0.23389599996153265,461.74368102815805,
../output/mediapipe_pose_npz/hip thrust__e0e7b0bd-7cca-4373-b9ed-a1d774884b17.npz,hip thrust,../data/hip thrust/e0e7b0bd-7cca-4373-b9ed-a1d774884b17.mp4,151,29.97002997002997,2,0.0,0.0,0.0,0.0,1.0,0.05992787500144914,2519.6955506322993,
../output/mediapipe_pose_npz/hip thrust__e639a8b0-65b5-4ffa-ab4f-74ba99681d6a.npz,hip thrust,../data/hip thrust/e639a8b0-65b5-4ffa-ab4f-74ba99681d6a.mp4,150,30.0,2,0.0,0.0,0.0,0.0,1.0,0.16488125000614673,909.7456502446945,
../output/mediapipe_pose_npz/hip thrust__f2d4615c-9806-4592-9eae-1f61e948c987.npz,hip thrust,../data/hip thrust/f2d4615c-9806-4592-9eae-1f61e948c987.mp4,150,30.0,2,0.0,0.0,0.0,0.0,1.0,0.07144033297663555,2099.654267415821,
../output/mediapipe_pose_npz/hip thrust__f35787c5-dbdd-4364-bef1-371af413c526.npz,hip thrust,../data/hip thrust/f35787c5-dbdd-4364-bef1-371af413c526.mp4,151,29.97002997002997,2,0.0,0.0,0.0,0.0,1.0,0.06044174998532981,2498.273131347953,
../output/mediapipe_pose_npz/hip thrust__f510b212-3f18-4e59-b4d1-d741088fdc0e.npz,hip thrust,../data/hip thrust/f510b212-3f18-4e59-b4d1-d741088fdc0e.mp4,150,30.0,2,0.0,0.0,0.0,0.0,1.0,0.06968095898628235,2152.6684216491562,
../output/mediapipe_pose_npz/hip thrust__fdd4e452-d727-43b7-9771-070de6802b97.npz,hip thrust,../data/hip thrust/fdd4e452-d727-43b7-9771-070de6802b97.mp4,151,29.97002997002997,2,0.0,0.0,0.0,0.0,1.0,0.058908209030050784,2563.309978121564,
../output/mediapipe_pose_npz/hip thrust__ffdd6fb8-e599-4d18-8542-8c5e53c93df6.npz,hip thrust,../data/hip thrust/ffdd6fb8-e599-4d18-8542-8c5e53c93df6.mp4,150,29.97002997002997,2,0.0,0.0,0.0,0.0,1.0,0.060421957983635366,2482.5411986918048,
../output/mediapipe_pose_npz/hip thrust__hip thrust_10.npz,hip thrust,../data/hip thrust/hip thrust_10.mp4,191,29.97002997002997,2,0.0,0.0,0.0,0.0,1.0,0.35338987497380003,540.4795483010388,
../output/mediapipe_pose_npz/hip thrust__hip thrust_11.npz,hip thrust,../data/hip thrust/hip thrust_11.mp4,53,29.97002997002997,2,0.0,0.0,0.0,0.0,1.0,0.08663570799399167,611.7569905895573,
../output/mediapipe_pose_npz/hip thrust__hip thrust_12.npz,hip thrust,../data/hip thrust/hip thrust_12.mp4,134,29.97002997002997,2,0.0,0.0,0.0,0.0,1.0,0.20194912498118356,663.5334518655891,
../output/mediapipe_pose_npz/hip thrust__hip thrust_13.npz,hip thrust,../data/hip thrust/hip thrust_13.mp4,72,29.97002997002997,2,0.0,0.0,0.0,0.0,1.0,0.11771650001173839,611.6389800310096,
../output/mediapipe_pose_npz/hip thrust__hip thrust_14.npz,hip thrust,../data/hip thrust/hip thrust_14.mp4,182,29.97002997002997,2,0.0,0.0,0.0,0.0,1.0,0.2607370000332594,698.0213777744787,
../output/mediapipe_pose_npz/hip thrust__hip thrust_15.npz,hip thrust,../data/hip thrust/hip thrust_15.mp4,270,30.0,2,0.0,0.0,0.0,0.0,1.0,0.5036837089573964,536.0506905392838,
../output/mediapipe_pose_npz/hip thrust__hip thrust_16.npz,hip thrust,../data/hip thrust/hip thrust_16.mp4,77,25.0,2,0.0,0.0,0.0,0.0,1.0,0.17377020802814513,443.11393117241647,
../output/mediapipe_pose_npz/hip thrust__hip thrust_17.npz,hip thrust,../data/hip thrust/hip thrust_17.mp4,37,25.0,2,0.0,0.0,0.0,0.0,1.0,0.08084558299742639,457.66260354851846,
../output/mediapipe_pose_npz/hip thrust__hip thrust_5.npz,hip thrust,../data/hip thrust/hip thrust_5.mp4,506,24.0,2,0.0,0.0,0.0,0.0,1.0,0.7857629589852877,643.9601080883658,
../output/mediapipe_pose_npz/hip thrust__hip thrust_6.npz,hip thrust,../data/hip thrust/hip thrust_6.mp4,57,23.976023976023978,2,0.0,0.0,0.0,0.0,1.0,0.11839799996232614,481.427051285809,
../output/mediapipe_pose_npz/hip thrust__hip thrust_7.npz,hip thrust,../data/hip thrust/hip thrust_7.mp4,150,29.97002997002997,2,0.0,0.0,0.0,0.0,1.0,0.2818032499635592,532.2862671718545,
../output/mediapipe_pose_npz/hip thrust__hip thrust_8.npz,hip thrust,../data/hip thrust/hip thrust_8.mp4,75,29.97002997002997,2,0.0,0.0,0.0,0.0,1.0,0.13170958397677168,569.4346435201481,
../output/mediapipe_pose_npz/hip thrust__hip thrust_9.npz,hip thrust,../data/hip thrust/hip thrust_9.mp4,195,29.97002997002997,2,0.0,0.0,0.0,0.0,1.0,0.34779241698561236,560.679274407719,
../output/mediapipe_pose_npz/lateral raise__151b5c0d-0663-428e-9ee2-75c2f246ccd4.npz,lateral raise,../data/lateral raise/151b5c0d-0663-428e-9ee2-75c2f246ccd4.mp4,155,29.97002997002997,2,0.0,0.0,0.0,0.0,1.0,0.43198745796689764,358.8067133464726,
../output/mediapipe_pose_npz/lateral raise__3d234179-7d47-40e2-8fee-e4c10d5836c0.npz,lateral raise,../data/lateral raise/3d234179-7d47-40e2-8fee-e4c10d5836c0.mp4,150,29.97002997002997,2,0.0,0.0,0.0,0.0,1.0,0.15439354203408584,971.5432266388716,
../output/mediapipe_pose_npz/lateral raise__45fe2b7f-70d7-47a4-a8ff-14594a724730.npz,lateral raise,../data/lateral raise/45fe2b7f-70d7-47a4-a8ff-14594a724730.mp4,151,30.0,2,0.0,0.0,0.0,0.0,1.0,0.08819133299402893,1712.1863892251588,
../output/mediapipe_pose_npz/lateral raise__5ab8abc1-59ee-4260-af46-955f74889a37.npz,lateral raise,../data/lateral raise/5ab8abc1-59ee-4260-af46-955f74889a37.mp4,143,23.976023976023978,2,0.0,0.0,0.0,0.0,1.0,1.008716749958694,141.76427625084617,
../output/mediapipe_pose_npz/lateral raise__69fec327-9c90-43f2-94fc-d9998878ce09.npz,lateral raise,../data/lateral raise/69fec327-9c90-43f2-94fc-d9998878ce09.mp4,151,30.0,2,0.0,0.0,0.0,0.0,1.0,0.08525741699850187,1771.1069056039237,
../output/mediapipe_pose_npz/lateral raise__8c24956f-ee83-4400-9e1f-083fd66fb53a.npz,lateral raise,../data/lateral raise/8c24956f-ee83-4400-9e1f-083fd66fb53a.mp4,151,30.0,2,0.0,0.0,0.0,0.0,1.0,0.08501883398275822,1776.0770517109506,
../output/mediapipe_pose_npz/lateral raise__982eab85-8283-4d9d-935a-52d8a62b52c0.npz,lateral raise,../data/lateral raise/982eab85-8283-4d9d-935a-52d8a62b52c0.mp4,151,30.0,2,0.0,0.0,0.0,0.0,1.0,0.0841724579804577,1793.9359693530353,
../output/mediapipe_pose_npz/lateral raise__a6412f54-fb5c-4613-8045-ab72147a8377.npz,lateral raise,../data/lateral raise/a6412f54-fb5c-4613-8045-ab72147a8377.mp4,150,29.97002997002997,2,0.0,0.0,0.0,0.0,1.0,0.1552994170342572,965.8761305389304,
../output/mediapipe_pose_npz/lateral raise__acd3e9ef-9442-4a06-94b8-497c316a2253.npz,lateral raise,../data/lateral raise/acd3e9ef-9442-4a06-94b8-497c316a2253.mp4,60,29.97002997002997,2,0.0,0.0,0.0,0.0,1.0,0.06900391704402864,869.5158560595394,
../output/mediapipe_pose_npz/lateral raise__af5d2fed-56af-4b62-ba00-55ab166b79b0.npz,lateral raise,../data/lateral raise/af5d2fed-56af-4b62-ba00-55ab166b79b0.mp4,114,30.0,2,0.0,0.0,0.0,0.0,1.0,1.0435957500012591,109.23770051752554,
../output/mediapipe_pose_npz/lateral raise__be7f2a31-a34d-4470-b3fc-14df5b895698.npz,lateral raise,../data/lateral raise/be7f2a31-a34d-4470-b3fc-14df5b895698.mp4,76,30.0,2,0.0,0.0,0.0,0.0,1.0,0.04690687503898516,1620.2315745151432,
../output/mediapipe_pose_npz/lateral raise__f68ba63c-6e61-4c18-a248-f63396cb0fd7.npz,lateral raise,../data/lateral raise/f68ba63c-6e61-4c18-a248-f63396cb0fd7.mp4,151,30.0,2,0.0,0.0,0.0,0.0,1.0,0.09060812497045845,1666.5172140934546,
../output/mediapipe_pose_npz/lateral raise__fb757a04-0b77-4ba4-adcb-fdc867e1118a.npz,lateral raise,../data/lateral raise/fb757a04-0b77-4ba4-adcb-fdc867e1118a.mp4,151,30.0,2,0.0,0.0,0.0,0.0,1.0,0.08672987500904128,1741.0379063068958,
../output/mediapipe_pose_npz/lateral raise__fdcf5c8e-ad13-4f84-a102-37cbfbc503c3.npz,lateral raise,../data/lateral raise/fdcf5c8e-ad13-4f84-a102-37cbfbc503c3.mp4,188,30.0,2,0.0,0.0,0.0,0.0,1.0,0.19765291700605303,951.1622841075631,
../output/mediapipe_pose_npz/lateral raise__lateral raise_10.npz,lateral raise,../data/lateral raise/lateral raise_10.mp4,75,23.976023976023978,2,0.0,0.0,0.0,0.0,1.0,0.18546258297283202,404.3942384377693,
../output/mediapipe_pose_npz/lateral raise__lateral raise_11.npz,lateral raise,../data/lateral raise/lateral raise_11.mp4,139,23.976023976023978,2,0.0,0.0,0.0,0.0,1.0,0.29541716701351106,470.52106485620305,
../output/mediapipe_pose_npz/lateral raise__lateral raise_12.npz,lateral raise,../data/lateral raise/lateral raise_12.mp4,49,23.976023976023978,2,0.0,0.0,0.0,0.0,1.0,0.10805116599658504,453.4888591720393,
../output/mediapipe_pose_npz/lateral raise__lateral raise_13.npz,lateral raise,../data/lateral raise/lateral raise_13.mp4,55,24.0,2,0.0,0.0,0.0,0.0,1.0,0.09136900003068149,601.9547109143268,
../output/mediapipe_pose_npz/lateral raise__lateral raise_14.npz,lateral raise,../data/lateral raise/lateral raise_14.mp4,94,24.0,2,0.0,0.0,0.0,0.0,1.0,0.12230716703925282,768.556759799955,
../output/mediapipe_pose_npz/lateral raise__lateral raise_15.npz,lateral raise,../data/lateral raise/lateral raise_15.mp4,45,24.0,2,0.0,0.0,0.0,0.0,1.0,0.07267683296231553,619.179429892514,
../output/mediapipe_pose_npz/lateral raise__lateral raise_16.npz,lateral raise,../data/lateral raise/lateral raise_16.mp4,60,24.0,2,0.0,0.0,0.0,0.0,1.0,0.07843704102560878,764.9447150920788,
../output/mediapipe_pose_npz/lateral raise__lateral raise_17.npz,lateral raise,../data/lateral raise/lateral raise_17.mp4,86,24.0,2,0.0,0.0,0.0,0.0,1.0,0.1325462499517016,648.8301255700364,
../output/mediapipe_pose_npz/lateral raise__lateral raise_18.npz,lateral raise,../data/lateral raise/lateral raise_18.mp4,41,24.0,2,0.0,0.0,0.0,0.0,1.0,0.08341883402317762,491.4957213212582,
../output/mediapipe_pose_npz/lateral raise__lateral raise_19.npz,lateral raise,../data/lateral raise/lateral raise_19.mp4,60,24.0,2,0.0,0.0,0.0,0.0,1.0,0.09399837499950081,638.308906939281,
../output/mediapipe_pose_npz/lateral raise__lateral raise_20.npz,lateral raise,../data/lateral raise/lateral raise_20.mp4,50,24.0,2,0.0,0.0,0.0,0.0,1.0,0.09621137502836064,519.6890698762105,
../output/mediapipe_pose_npz/lateral raise__lateral raise_21.npz,lateral raise,../data/lateral raise/lateral raise_21.mp4,39,24.0,2,0.0,0.0,0.0,0.0,1.0,0.06848720798734576,569.4494073580274,
../output/mediapipe_pose_npz/lateral raise__lateral raise_22.npz,lateral raise,../data/lateral raise/lateral raise_22.mp4,43,24.0,2,0.0,0.0,0.0,0.0,1.0,0.07250691700028256,593.0468675124117,
../output/mediapipe_pose_npz/lateral raise__lateral raise_23.npz,lateral raise,../data/lateral raise/lateral raise_23.mp4,44,24.0,2,0.0,0.0,0.0,0.0,1.0,0.07728383300127462,569.3299399277249,
../output/mediapipe_pose_npz/lateral raise__lateral raise_24.npz,lateral raise,../data/lateral raise/lateral raise_24.mp4,88,24.0,2,0.0,0.0,0.0,0.0,1.0,0.11491079098777846,765.8114546384021,
../output/mediapipe_pose_npz/lateral raise__lateral raise_25.npz,lateral raise,../data/lateral raise/lateral raise_25.mp4,83,24.0,2,0.0,0.0,0.0,0.0,1.0,0.13501450000330806,614.7487862264155,
../output/mediapipe_pose_npz/lateral raise__lateral raise_26.npz,lateral raise,../data/lateral raise/lateral raise_26.mp4,123,24.0,2,0.0,0.0,0.0,0.0,1.0,0.18066054198425263,680.8348887313831,
../output/mediapipe_pose_npz/lateral raise__lateral raise_27.npz,lateral raise,../data/lateral raise/lateral raise_27.mp4,90,24.0,2,0.0,0.0,0.0,0.0,1.0,0.12436795799294487,723.6590634149152,
../output/mediapipe_pose_npz/lateral raise__lateral raise_28.npz,lateral raise,../data/lateral raise/lateral raise_28.mp4,136,24.0,2,0.0,0.0,0.0,0.0,1.0,0.2297215829603374,592.0209944900175,
../output/mediapipe_pose_npz/lateral raise__lateral raise_29.npz,lateral raise,../data/lateral raise/lateral raise_29.mp4,94,24.0,2,0.0,0.0,0.0,0.0,1.0,0.15603029198246077,602.4471197590688,
../output/mediapipe_pose_npz/lateral raise__lateral raise_30.npz,lateral raise,../data/lateral raise/lateral raise_30.mp4,108,24.0,2,0.0,0.0,0.0,0.0,1.0,0.14707895799074322,734.2994638757044,
../output/mediapipe_pose_npz/lateral raise__lateral raise_31.npz,lateral raise,../data/lateral raise/lateral raise_31.mp4,147,29.97002997002997,2,0.0,0.0,0.0,0.0,1.0,0.2645427079987712,555.6758721948322,
../output/mediapipe_pose_npz/lateral raise__lateral raise_32.npz,lateral raise,../data/lateral raise/lateral raise_32.mp4,147,29.97002997002997,2,0.0,0.0,0.0,0.0,1.0,0.26245287503115833,560.100551318206,
../output/mediapipe_pose_npz/lateral raise__lateral raise_33.npz,lateral raise,../data/lateral raise/lateral raise_33.mp4,186,29.97002997002997,2,0.0,0.0,0.0,0.0,1.0,0.3242696669767611,573.5966664231032,
../output/mediapipe_pose_npz/lateral raise__lateral raise_34.npz,lateral raise,../data/lateral raise/lateral raise_34.mp4,131,29.97002997002997,2,0.0,0.0,0.0,0.0,1.0,0.23611295799491927,554.8191895627299,
../output/mediapipe_pose_npz/lateral raise__lateral raise_35.npz,lateral raise,../data/lateral raise/lateral raise_35.mp4,138,29.97002997002997,2,0.0,0.0,0.0,0.0,1.0,0.25780895800562575,535.280081295657,
../output/mediapipe_pose_npz/lateral raise__lateral raise_36.npz,lateral raise,../data/lateral raise/lateral raise_36.mp4,106,29.97002997002997,2,0.0,0.0,0.0,0.0,1.0,0.20027924998430535,529.2610193432748,
../output/mediapipe_pose_npz/lateral raise__lateral raise_37.npz,lateral raise,../data/lateral raise/lateral raise_37.mp4,167,29.97002997002997,2,0.0,0.0,0.0,0.0,1.0,0.3048947500064969,547.7299953391832,
../output/mediapipe_pose_npz/lateral raise__lateral raise_7.npz,lateral raise,../data/lateral raise/lateral raise_7.mp4,30,23.976023976023978,2,0.0,0.0,0.0,0.0,1.0,0.05976287502562627,501.9838819189342,
../output/mediapipe_pose_npz/lateral raise__lateral raise_8.npz,lateral raise,../data/lateral raise/lateral raise_8.mp4,29,23.976023976023978,2,0.0,0.0,0.0,0.0,1.0,0.05854191695107147,495.3715476081489,
../output/mediapipe_pose_npz/lateral raise__lateral raise_9.npz,lateral raise,../data/lateral raise/lateral raise_9.mp4,83,23.976023976023978,2,0.0,0.0,0.0,0.0,1.0,0.1699742500204593,488.3092585495129,
../output/mediapipe_pose_npz/pull Up__1824d061-48f8-4c65-8d95-67a871c14ab6.npz,pull Up,../data/pull Up/1824d061-48f8-4c65-8d95-67a871c14ab6.mp4,75,60.0,4,0.0,0.0,0.0,0.0,1.0,0.15218933299183846,492.8072061661645,
../output/mediapipe_pose_npz/pull Up__1d2780ca-408a-4103-a318-f12af39899ad.npz,pull Up,../data/pull Up/1d2780ca-408a-4103-a318-f12af39899ad.mp4,135,30.0,2,0.0,0.0,0.0,0.0,1.0,0.04253245802829042,3174.0465107895925,
../output/mediapipe_pose_npz/pull Up__24d8b0df-c6b2-489b-89eb-2bbf633c77d3.npz,pull Up,../data/pull Up/24d8b0df-c6b2-489b-89eb-2bbf633c77d3.mp4,150,29.97002997002997,2,0.0,0.0,0.0,0.0,1.0,0.31518920900998637,475.9046176458644,
../output/mediapipe_pose_npz/pull Up__26356bcb-6ada-4d7f-b395-b685d79afbfc.npz,pull Up,../data/pull Up/26356bcb-6ada-4d7f-b395-b685d79afbfc.mp4,150,29.97002997002997,2,0.0,0.0,0.0,0.0,1.0,0.3164126669871621,474.0644596446766,
../output/mediapipe_pose_npz/pull Up__2be38953-6a2b-4e62-8fde-44e6b4bc49cd.npz,pull Up,../data/pull Up/2be38953-6a2b-4e62-8fde-44e6b4bc49cd.mp4,151,29.97002997002997,2,0.0,0.0,0.0,0.0,1.0,0.3180189589620568,474.8144591530972,
../output/mediapipe_pose_npz/pull Up__329615cb-e084-4ec0-8b1d-478057fd089f.npz,pull Up,../data/pull Up/329615cb-e084-4ec0-8b1d-478057fd089f.mp4,150,29.97002997002997,2,0.0,0.0,0.0,0.0,1.0,0.31163583300076425,481.3310412850763,
../output/mediapipe_pose_npz/pull Up__455718ef-fd84-430d-b979-e8ea04026096.npz,pull Up,../data/pull Up/455718ef-fd84-430d-b979-e8ea04026096.mp4,150,30.0,2,0.0,0.0,0.0,0.0,1.0,0.19538491597631946,767.7153543325725,
../output/mediapipe_pose_npz/pull Up__47a6cd80-bd24-402d-9847-60eeab6a47b6.npz,pull Up,../data/pull Up/47a6cd80-bd24-402d-9847-60eeab6a47b6.mp4,120,23.976023976023978,2,0.0,0.0,0.0,0.0,1.0,0.242121874995064,495.61816751355644,
../output/mediapipe_pose_npz/pull Up__5adbab5e-e485-491f-bf6d-50d6d8ac7cfe.npz,pull Up,../data/pull Up/5adbab5e-e485-491f-bf6d-50d6d8ac7cfe.mp4,150,30.0,2,0.0,0.0,0.0,0.0,1.0,0.04823337501147762,3109.8798283202445,
../output/mediapipe_pose_npz/pull Up__750d7f07-0a1e-4d6f-b2f3-50d478103dec.npz,pull Up,../data/pull Up/750d7f07-0a1e-4d6f-b2f3-50d478103dec.mp4,150,29.97002997002997,2,0.0,0.0,0.0,0.0,1.0,0.3181384170311503,471.4928847631528,
../output/mediapipe_pose_npz/pull Up__787d4fea-60cf-45c3-a883-1a24232c7cb6.npz,pull Up,../data/pull Up/787d4fea-60cf-45c3-a883-1a24232c7cb6.mp4,105,30.0,2,0.0,0.0,0.0,0.0,1.0,0.09212483401643112,1139.7578201473068,
../output/mediapipe_pose_npz/pull Up__8cd92461-4c73-4693-95ae-101dddf8751c.npz,pull Up,../data/pull Up/8cd92461-4c73-4693-95ae-101dddf8751c.mp4,150,60.0,4,0.0,0.0,0.0,0.0,1.0,0.2912286249920726,515.0592597279306,
../output/mediapipe_pose_npz/pull Up__9dd66562-a708-4553-b684-996de1425ddf.npz,pull Up,../data/pull Up/9dd66562-a708-4553-b684-996de1425ddf.mp4,156,29.713375796178344,2,0.0,0.0,0.0,0.0,1.0,0.18078379100188613,862.9092195459738,
../output/mediapipe_pose_npz/pull Up__9e25f5ea-7fd6-4eaa-a208-5317efb5ab59.npz,pull Up,../data/pull Up/9e25f5ea-7fd6-4eaa-a208-5317efb5ab59.mp4,150,30.0,2,0.0,0.0,0.0,0.0,1.0,0.047104917000979185,3184.3809425857157,
../output/mediapipe_pose_npz/pull Up__a01fbc49-cbf4-4af1-ba42-2020d02bd890.npz,pull Up,../data/pull Up/a01fbc49-cbf4-4af1-ba42-2020d02bd890.mp4,150,30.0,2,0.0,0.0,0.0,0.0,1.0,0.071287291997578,2104.161847038548,
../output/mediapipe_pose_npz/pull Up__a81b86e7-0c1c-49b7-98dd-8106b57fdeb6.npz,pull Up,../data/pull Up/a81b86e7-0c1c-49b7-98dd-8106b57fdeb6.mp4,60,30.0,2,0.0,0.0,0.0,0.0,1.0,0.031574000022374094,1900.2977119618217,
../output/mediapipe_pose_npz/pull Up__ab5e1c37-879c-4a9e-b848-d741a118afb7.npz,pull Up,../data/pull Up/ab5e1c37-879c-4a9e-b848-d741a118afb7.mp4,150,30.0,2,0.0,0.0,0.0,0.0,1.0,0.04625041695544496,3243.2140048488973,
../output/mediapipe_pose_npz/pull Up__abd39f01-b130-4290-93b8-673ff405ff29.npz,pull Up,../data/pull Up/abd39f01-b130-4290-93b8-673ff405ff29.mp4,150,60.0,4,0.0,0.0,0.0,0.0,1.0,0.2965759169892408,505.7726922764322,
../output/mediapipe_pose_npz/pull Up__b2d33bbf-054d-4e62-ac2e-9fcacf396aa0.npz,pull Up,../data/pull Up/b2d33bbf-054d-4e62-ac2e-9fcacf396aa0.mp4,120,29.97002997002997,2,0.0,0.0,0.0,0.0,1.0,0.2541687499615364,472.12727771671274,
../output/mediapipe_pose_npz/pull Up__bba620bb-7ebf-4075-a025-47d9d5246615.npz,pull Up,../data/pull Up/bba620bb-7ebf-4075-a025-47d9d5246615.mp4,150,30.0,2,0.0,0.0,0.0,0.0,1.0,0.12871541699860245,1165.3615666072749,
../output/mediapipe_pose_npz/pull Up__c6b4503f-ca8a-40cd-9d81-85a5f846cc76.npz,pull Up,../data/pull Up/c6b4503f-ca8a-40cd-9d81-85a5f846cc76.mp4,150,60.0,4,0.0,0.0,0.0,0.0,1.0,0.32028104102937505,468.33868004769766,
../output/mediapipe_pose_npz/pull Up__ca6c46a7-b599-4e11-92cb-58336c77fc81.npz,pull Up,../data/pull Up/ca6c46a7-b599-4e11-92cb-58336c77fc81.mp4,61,30.0,2,0.0,0.0,0.0,0.0,1.0,0.05679441703250632,1074.0492320765723,
../output/mediapipe_pose_npz/pull Up__d1717001-40df-4bd2-9979-5cefc86e673c.npz,pull Up,../data/pull Up/d1717001-40df-4bd2-9979-5cefc86e673c.mp4,151,30.0,2,0.0,0.0,0.0,0.0,1.0,0.12567041598958895,1201.5556629693137,
../output/mediapipe_pose_npz/pull Up__dcead1aa-1d9b-47c0-ac20-c776dec48197.npz,pull Up,../data/pull Up/dcead1aa-1d9b-47c0-ac20-c776dec48197.mp4,150,60.0,4,0.0,0.0,0.0,0.0,1.0,0.2973729170043953,504.41715241264876,
../output/mediapipe_pose_npz/pull Up__dde979e6-602e-41d5-a4d8-f17455def825.npz,pull Up,../data/pull Up/dde979e6-602e-41d5-a4d8-f17455def825.mp4,120,23.976023976023978,2,0.0,0.0,0.0,0.0,1.0,0.2363832499831915,507.65018252576203,
../output/mediapipe_pose_npz/pull Up__ea8a172e-f259-4525-8c6a-b3d811734194.npz,pull Up,../data/pull Up/ea8a172e-f259-4525-8c6a-b3d811734194.mp4,150,30.0,2,0.0,0.0,0.0,0.0,1.0,0.1341974590322934,1117.7558880895342,
../output/mediapipe_pose_npz/pull Up__f2ed5d24-ee9a-414b-9742-3781dc2ef713.npz,pull Up,../data/pull Up/f2ed5d24-ee9a-414b-9742-3781dc2ef713.mp4,150,60.0,4,0.0,0.0,0.0,0.0,1.0,0.29849958297563717,502.5132648585397,
../output/mediapipe_pose_npz/pull Up__f408b328-7606-4cd4-abda-fcb4692abf93.npz,pull Up,../data/pull Up/f408b328-7606-4cd4-abda-fcb4692abf93.mp4,150,30.0,2,0.0,0.0,0.0,0.0,1.0,0.12615429202560335,1189.02018783124,
../output/mediapipe_pose_npz/pull Up__fce8f774-b869-4202-9a55-a16afea8cc1d.npz,pull Up,../data/pull Up/fce8f774-b869-4202-9a55-a16afea8cc1d.mp4,105,30.0,2,0.0,0.0,0.0,0.0,1.0,0.0909968750202097,1153.885778788341,
../output/mediapipe_pose_npz/pull Up__ffc41a52-7154-4c1e-b9e1-139629fff91a.npz,pull Up,../data/pull Up/ffc41a52-7154-4c1e-b9e1-139629fff91a.mp4,151,29.97002997002997,2,0.0,0.0,0.0,0.0,1.0,0.31684854201739654,476.5683914420833,
../output/mediapipe_pose_npz/pull Up__pull up_1.npz,pull Up,../data/pull Up/pull up_1.mp4,263,29.97002997002997,2,0.0,0.0,0.0,0.0,1.0,0.7781019590329379,338.0019764079105,
../output/mediapipe_pose_npz/pull Up__pull up_10.npz,pull Up,../data/pull Up/pull up_10.mp4,122,29.97002997002997,2,0.0,0.0,0.0,0.0,1.0,0.13595791603438556,897.3364961635965,
../output/mediapipe_pose_npz/pull Up__pull up_11.npz,pull Up,../data/pull Up/pull up_11.mp4,110,29.97002997002997,2,0.0,0.0,0.0,0.0,1.0,0.12696750002214685,866.3634393117355,
../output/mediapipe_pose_npz/pull Up__pull up_12.npz,pull Up,../data/pull Up/pull up_12.mp4,98,29.97002997002997,2,0.0,0.0,0.0,0.0,1.0,0.14214300003368407,689.4465431064255,
../output/mediapipe_pose_npz/pull Up__pull up_13.npz,pull Up,../data/pull Up/pull up_13.mp4,201,29.97002997002997,2,0.0,0.0,0.0,0.0,1.0,0.21803579200059175,921.8669932845452,
../output/mediapipe_pose_npz/pull Up__pull up_14.npz,pull Up,../data/pull Up/pull up_14.mp4,101,23.976023976023978,2,0.0,0.0,0.0,0.0,1.0,0.13859654200496152,728.7339102326548,
../output/mediapipe_pose_npz/pull Up__pull up_15.npz,pull Up,../data/pull Up/pull up_15.mp4,83,23.976023976023978,2,0.0,0.0,0.0,0.0,1.0,0.13988695800071582,593.336227953254,
../output/mediapipe_pose_npz/pull Up__pull up_16.npz,pull Up,../data/pull Up/pull up_16.mp4,29,23.976023976023978,2,0.0,0.0,0.0,0.0,1.0,0.081970542029012,353.7856317911863,
../output/mediapipe_pose_npz/pull Up__pull up_17.npz,pull Up,../data/pull Up/pull up_17.mp4,38,23.976023976023978,2,0.0,0.0,0.0,0.0,1.0,0.09327441698405892,407.4000270244991,
../output/mediapipe_pose_npz/pull Up__pull up_18.npz,pull Up,../data/pull Up/pull up_18.mp4,43,23.976023976023978,2,0.0,0.0,0.0,0.0,1.0,0.09392474999185652,457.8133027101823,
../output/mediapipe_pose_npz/pull Up__pull up_19.npz,pull Up,../data/pull Up/pull up_19.mp4,23,23.976023976023978,2,0.0,0.0,0.0,0.0,1.0,0.049457125016488135,465.04927232086794,
../output/mediapipe_pose_npz/pull Up__pull up_2.npz,pull Up,../data/pull Up/pull up_2.mp4,217,29.97002997002997,2,0.0,0.0,0.0,0.0,1.0,0.6760457910131663,320.9841742743338,
../output/mediapipe_pose_npz/pull Up__pull up_20.npz,pull Up,../data/pull Up/pull up_20.mp4,122,30.0,2,0.0,0.0,0.0,0.0,1.0,0.25426908396184444,479.8066603264567,
../output/mediapipe_pose_npz/pull Up__pull up_21.npz,pull Up,../data/pull Up/pull up_21.mp4,128,30.0,2,0.0,0.0,0.0,0.0,1.0,0.2681131669669412,477.4103467129707,
../output/mediapipe_pose_npz/pull Up__pull up_22.npz,pull Up,../data/pull Up/pull up_22.mp4,105,29.97002997002997,2,0.0,0.0,0.0,0.0,1.0,0.1723015839816071,609.3966031746322,
../output/mediapipe_pose_npz/pull Up__pull up_23.npz,pull Up,../data/pull Up/pull up_23.mp4,63,29.97002997002997,2,0.0,0.0,0.0,0.0,1.0,0.11399537499528378,552.6540002399785,
../output/mediapipe_pose_npz/pull Up__pull up_24.npz,pull Up,../data/pull Up/pull up_24.mp4,47,29.97002997002997,2,0.0,0.0,0.0,0.0,1.0,0.0875207909848541,537.0152562736045,
../output/mediapipe_pose_npz/pull Up__pull up_25.npz,pull Up,../data/pull Up/pull up_25.mp4,41,29.97002997002997,2,0.0,0.0,0.0,0.0,1.0,0.08130212500691414,504.29186194719085,
../output/mediapipe_pose_npz/pull Up__pull up_26.npz,pull Up,../data/pull Up/pull up_26.mp4,45,29.97002997002997,2,0.0,0.0,0.0,0.0,1.0,0.0922260420047678,487.93159742964616,
../output/mediapipe_pose_npz/pull Up__pull up_3.npz,pull Up,../data/pull Up/pull up_3.mp4,283,60.0,4,0.0,0.0,0.0,0.0,1.0,1.3996289579663426,202.1964452716085,
../output/mediapipe_pose_npz/pull Up__pull up_4.npz,pull Up,../data/pull Up/pull up_4.mp4,288,29.97002997002997,2,0.0,0.0,0.0,0.0,1.0,1.0178871669922955,282.9390224566805,
../output/mediapipe_pose_npz/pull Up__pull up_5.npz,pull Up,../data/pull Up/pull up_5.mp4,73,29.97002997002997,2,0.0,0.0,0.0,0.0,1.0,0.08577350003179163,851.0787128069022,
../output/mediapipe_pose_npz/pull Up__pull up_6.npz,pull Up,../data/pull Up/pull up_6.mp4,154,29.97002997002997,2,0.0,0.0,0.0,0.0,1.0,0.1719887499930337,895.4074031367613,
../output/mediapipe_pose_npz/pull Up__pull up_7.npz,pull Up,../data/pull Up/pull up_7.mp4,135,29.97002997002997,2,0.0,0.0,0.0,0.0,1.0,0.1469497079961002,918.6816485785919,
../output/mediapipe_pose_npz/pull Up__pull up_8.npz,pull Up,../data/pull Up/pull up_8.mp4,70,29.97002997002997,2,0.0,0.0,0.0,0.0,1.0,0.10755045799305663,650.8572934623779,
../output/mediapipe_pose_npz/pull Up__pull up_9.npz,pull Up,../data/pull Up/pull up_9.mp4,183,29.97002997002997,2,0.0,0.0,0.0,0.0,1.0,0.19603833300061524,933.4909004731522,
../output/mediapipe_pose_npz/push-up__01b09356-3985-474f-827f-20c79cfcda78.npz,push-up,../data/push-up/01b09356-3985-474f-827f-20c79cfcda78.mp4,138,55.0,4,0.0,0.0,0.0,0.0,1.0,0.46896800003014505,294.26314799971306,
../output/mediapipe_pose_npz/push-up__02dd7b9d-c7fe-41b8-993a-e250b07a5ceb.npz,push-up,../data/push-up/02dd7b9d-c7fe-41b8-993a-e250b07a5ceb.mp4,150,30.0,2,0.0,0.0,0.0,0.0,1.0,0.08379016700200737,1790.1861920910892,
../output/mediapipe_pose_npz/push-up__0b78db8e-3c32-4248-bbff-b483f9d910d3.npz,push-up,../data/push-up/0b78db8e-3c32-4248-bbff-b483f9d910d3.mp4,117,30.0,2,0.0,0.0,0.0,0.0,1.0,0.09336358302971348,1253.1652728319573,
../output/mediapipe_pose_npz/push-up__10cad66c-a298-4de5-ac55-16ff825f8101.npz,push-up,../data/push-up/10cad66c-a298-4de5-ac55-16ff825f8101.mp4,215,21.428,1,0.0,0.0,0.0,0.0,1.0,0.14413566596340388,1491.6502349570342,
../output/mediapipe_pose_npz/push-up__2a54167d-a281-4825-8de2-826ae6a8c608.npz,push-up,../data/push-up/2a54167d-a281-4825-8de2-826ae6a8c608.mp4,150,30.0,2,0.0,0.0,0.0,0.0,1.0,0.12826983397826552,1169.4097929947934,
../output/mediapipe_pose_npz/push-up__53f39e2a-4ca3-45d1-af84-6ddfde7ff818.npz,push-up,../data/push-up/53f39e2a-4ca3-45d1-af84-6ddfde7ff818.mp4,150,30.0,2,0.0,0.0,0.0,0.0,1.0,0.08223749999888241,1823.9854081415226,
../output/mediapipe_pose_npz/push-up__57f76c55-838a-4184-9ad0-effced296b5c.npz,push-up,../data/push-up/57f76c55-838a-4184-9ad0-effced296b5c.mp4,215,21.428,1,0.0,0.0,0.0,0.0,1.0,0.14298920799046755,1503.609978833739,
../output/mediapipe_pose_npz/push-up__5988dbc6-54e3-44fd-8657-e6ecfe674a63.npz,push-up,../data/push-up/5988dbc6-54e3-44fd-8657-e6ecfe674a63.mp4,148,58.72300469483568,4,0.0,0.0,0.0,0.0,1.0,0.6150154159986414,240.64437435227956,
../output/mediapipe_pose_npz/push-up__5b596f14-2afd-45c1-a79b-f5b61bf050a7.npz,push-up,../data/push-up/5b596f14-2afd-45c1-a79b-f5b61bf050a7.mp4,86,21.428,1,0.0,0.0,0.0,0.0,1.0,0.06328608299372718,1358.9085614371834,
../output/mediapipe_pose_npz/push-up__5e507b14-eaeb-4b1a-9ff0-3de5883d0d22.npz,push-up,../data/push-up/5e507b14-eaeb-4b1a-9ff0-3de5883d0d22.mp4,138,55.0,4,0.0,0.0,0.0,0.0,1.0,0.47728820896008983,289.13347828280286,
../output/mediapipe_pose_npz/push-up__63042b50-d561-4c73-98d2-266cd2703d94.npz,push-up,../data/push-up/63042b50-d561-4c73-98d2-266cd2703d94.mp4,215,21.428,1,0.0,0.0,0.0,0.0,1.0,0.14627662498969585,1469.8178879581426,
../output/mediapipe_pose_npz/push-up__64f7ef6d-5a82-48e1-b75f-cca64f151315.npz,push-up,../data/push-up/64f7ef6d-5a82-48e1-b75f-cca64f151315.mp4,147,58.72300469483568,4,0.0,0.0,0.0,0.0,1.0,0.6099302080110647,241.01118139295912,
../output/mediapipe_pose_npz/push-up__6e4f0e04-4dbd-476c-9884-a476bd7a2c33.npz,push-up,../data/push-up/6e4f0e04-4dbd-476c-9884-a476bd7a2c33.mp4,150,30.0,2,0.0,0.0,0.0,0.0,1.0,0.08425216702744365,1780.3696366781896,
../output/mediapipe_pose_npz/push-up__929ecf92-a01b-4bb3-85b3-565891885bce.npz,push-up,../data/push-up/929ecf92-a01b-4bb3-85b3-565891885bce.mp4,147,58.72300469483568,4,0.0,0.0,0.0,0.0,1.0,0.61349587503355,239.61041301534598,
../output/mediapipe_pose_npz/push-up__a31bfef9-b3ea-4fb9-8541-572fa62f15bb.npz,push-up,../data/push-up/a31bfef9-b3ea-4fb9-8541-572fa62f15bb.mp4,138,55.0,4,0.0,0.0,0.0,0.0,1.0,0.4756980410311371,290.09999641971854,
../output/mediapipe_pose_npz/push-up__a7ea6f21-cafb-42e9-b682-501ac898a94a.npz,push-up,../data/push-up/a7ea6f21-cafb-42e9-b682-501ac898a94a.mp4,105,30.0,2,0.0,0.0,0.0,0.0,1.0,0.08837695798138157,1188.0924892449955,
../output/mediapipe_pose_npz/push-up__bd26f1c8-271f-45d2-a877-0deaa4f6e6f2.npz,push-up,../data/push-up/bd26f1c8-271f-45d2-a877-0deaa4f6e6f2.mp4,138,55.0,4,0.0,0.0,0.0,0.0,1.0,0.47800295799970627,288.7011423056608,
../output/mediapipe_pose_npz/push-up__c49d287e-b67b-4d5b-b04e-7bf1eb41d538.npz,push-up,../data/push-up/c49d287e-b67b-4d5b-b04e-7bf1eb41d538.mp4,138,55.0,4,0.0,0.0,0.0,0.0,1.0,0.4723570000496693,292.1519104945815,
../output/mediapipe_pose_npz/push-up__cd0c8018-d81a-4e53-862b-a7c7d6dbe254.npz,push-up,../data/push-up/cd0c8018-d81a-4e53-862b-a7c7d6dbe254.mp4,215,21.428,1,0.0,0.0,0.0,0.0,1.0,0.14150083297863603,1519.4256844584156,
../output/mediapipe_pose_npz/push-up__d12f42f4-75d6-4d8d-8bf3-3032abd44cf5.npz,push-up,../data/push-up/d12f42f4-75d6-4d8d-8bf3-3032abd44cf5.mp4,148,58.72300469483568,4,0.0,0.0,0.0,0.0,1.0,0.6164862500154413,240.07023675920266,
../output/mediapipe_pose_npz/push-up__ddbcb5c7-c486-4e83-9897-4479cce20c85.npz,push-up,../data/push-up/ddbcb5c7-c486-4e83-9897-4479cce20c85.mp4,138,55.0,4,0.0,0.0,0.0,0.0,1.0,0.47276224999222904,291.9014790251725,
../output/mediapipe_pose_npz/push-up__df263b8f-5484-455d-a7e0-693c4bea229e.npz,push-up,../data/push-up/df263b8f-5484-455d-a7e0-693c4bea229e.mp4,150,30.0,2,0.0,0.0,0.0,0.0,1.0,0.08643808402121067,1735.346192578634,
../output/mediapipe_pose_npz/push-up__f5644403-f2b8-4594-b2c6-6649815f9de2.npz,push-up,../data/push-up/f5644403-f2b8-4594-b2c6-6649815f9de2.mp4,138,55.0,4,0.0,0.0,0.0,0.0,1.0,0.486906457983423,283.42199561604144,
../output/mediapipe_pose_npz/push-up__f61ae2a7-8b45-47eb-ad0a-305cf06853a0.npz,push-up,../data/push-up/f61ae2a7-8b45-47eb-ad0a-305cf06853a0.mp4,138,55.0,4,0.0,0.0,0.0,0.0,1.0,0.4778530420153402,288.7917160011924,
../output/mediapipe_pose_npz/push-up__push-up_1.npz,push-up,../data/push-up/push-up_1.mp4,75,29.97002997002997,2,0.0,0.0,0.0,0.0,1.0,0.1474298750399612,508.71643199637174,
../output/mediapipe_pose_npz/push-up__push-up_10.npz,push-up,../data/push-up/push-up_10.mp4,75,29.97002997002997,2,0.0,0.0,0.0,0.0,1.0,0.14824341697385535,505.9246577757124,
../output/mediapipe_pose_npz/push-up__push-up_11.npz,push-up,../data/push-up/push-up_11.mp4,75,29.97002997002997,2,0.0,0.0,0.0,0.0,1.0,0.14619495801161975,513.0135882937831,
../output/mediapipe_pose_npz/push-up__push-up_12.npz,push-up,../data/push-up/push-up_12.mp4,75,29.97002997002997,2,0.0,0.0,0.0,0.0,1.0,0.1478846250101924,507.1521126339598,
../output/mediapipe_pose_npz/push-up__push-up_13.npz,push-up,../data/push-up/push-up_13.mp4,75,29.97002997002997,2,0.0,0.0,0.0,0.0,1.0,0.1483568330295384,505.53788772956096,
../output/mediapipe_pose_npz/push-up__push-up_14.npz,push-up,../data/push-up/push-up_14.mp4,75,29.97002997002997,2,0.0,0.0,0.0,0.0,1.0,0.14727712498279288,509.2440527255174,
../output/mediapipe_pose_npz/push-up__push-up_15.npz,push-up,../data/push-up/push-up_15.mp4,42,29.97002997002997,2,0.0,0.0,0.0,0.0,1.0,0.0951055419864133,441.61464329807495,
../output/mediapipe_pose_npz/push-up__push-up_16.npz,push-up,../data/push-up/push-up_16.mp4,70,29.97002997002997,2,0.0,0.0,0.0,0.0,1.0,0.14147133298683912,494.7998899997076,
../output/mediapipe_pose_npz/push-up__push-up_17.npz,push-up,../data/push-up/push-up_17.mp4,46,29.97002997002997,2,0.0,0.0,0.0,0.0,1.0,0.09153566596796736,502.53635578614313,
../output/mediapipe_pose_npz/push-up__push-up_18.npz,push-up,../data/push-up/push-up_18.mp4,35,29.97002997002997,2,0.0,0.0,0.0,0.0,1.0,0.0799482089933008,437.7834155475928,
../output/mediapipe_pose_npz/push-up__push-up_19.npz,push-up,../data/push-up/push-up_19.mp4,75,29.97002997002997,2,0.0,0.0,0.0,0.0,1.0,0.152899292006623,490.5189488827149,
../output/mediapipe_pose_npz/push-up__push-up_2.npz,push-up,../data/push-up/push-up_2.mp4,75,29.97002997002997,2,0.0,0.0,0.0,0.0,1.0,0.1472826250246726,509.2250357938426,
../output/mediapipe_pose_npz/push-up__push-up_20.npz,push-up,../data/push-up/push-up_20.mp4,75,29.97002997002997,2,0.0,0.0,0.0,0.0,1.0,0.14936266699805856,502.1335083751207,
../output/mediapipe_pose_npz/push-up__push-up_21.npz,push-up,../data/push-up/push-up_21.mp4,75,29.97002997002997,2,0.0,0.0,0.0,0.0,1.0,0.15406908298609778,486.7946154178611,
../output/mediapipe_pose_npz/push-up__push-up_22.npz,push-up,../data/push-up/push-up_22.mp4,75,29.97002997002997,2,0.0,0.0,0.0,0.0,1.0,0.1540076670353301,486.98874181890335,
../output/mediapipe_pose_npz/push-up__push-up_23.npz,push-up,../data/push-up/push-up_23.mp4,58,29.97002997002997,2,0.0,0.0,0.0,0.0,1.0,0.11968900001375005,484.58922702451247,
../output/mediapipe_pose_npz/push-up__push-up_24.npz,push-up,../data/push-up/push-up_24.mp4,63,29.97002997002997,2,0.0,0.0,0.0,0.0,1.0,0.13414687500335276,469.63449576015415,
../output/mediapipe_pose_npz/push-up__push-up_25.npz,push-up,../data/push-up/push-up_25.mp4,49,29.97002997002997,2,0.0,0.0,0.0,0.0,1.0,0.10053566697752103,487.38921691299873,
../output/mediapipe_pose_npz/push-up__push-up_26.npz,push-up,../data/push-up/push-up_26.mp4,75,29.97002997002997,2,0.0,0.0,0.0,0.0,1.0,0.15454670798499137,485.29018170534914,
../output/mediapipe_pose_npz/push-up__push-up_27.npz,push-up,../data/push-up/push-up_27.mp4,75,29.97002997002997,2,0.0,0.0,0.0,0.0,1.0,0.16131916595622897,464.91685941613343,
../output/mediapipe_pose_npz/push-up__push-up_28.npz,push-up,../data/push-up/push-up_28.mp4,57,29.97002997002997,2,0.0,0.0,0.0,0.0,1.0,0.11874141701264307,480.0346958461081,
../output/mediapipe_pose_npz/push-up__push-up_29.npz,push-up,../data/push-up/push-up_29.mp4,75,29.97002997002997,2,0.0,0.0,0.0,0.0,1.0,0.15881945803994313,472.23432774299914,
../output/mediapipe_pose_npz/push-up__push-up_3.npz,push-up,../data/push-up/push-up_3.mp4,75,29.97002997002997,2,0.0,0.0,0.0,0.0,1.0,0.15497687499737367,483.9431689487286,
../output/mediapipe_pose_npz/push-up__push-up_30.npz,push-up,../data/push-up/push-up_30.mp4,70,29.97002997002997,2,0.0,0.0,0.0,0.0,1.0,0.1482255409937352,472.2532940727035,
../output/mediapipe_pose_npz/push-up__push-up_31.npz,push-up,../data/push-up/push-up_31.mp4,75,29.97002997002997,2,0.0,0.0,0.0,0.0,1.0,0.15115187503397465,496.1896766622454,
../output/mediapipe_pose_npz/push-up__push-up_32.npz,push-up,../data/push-up/push-up_32.mp4,75,29.97002997002997,2,0.0,0.0,0.0,0.0,1.0,0.16267441702075303,461.0436070622706,
../output/mediapipe_pose_npz/push-up__push-up_33.npz,push-up,../data/push-up/push-up_33.mp4,73,29.97002997002997,2,0.0,0.0,0.0,0.0,1.0,0.15105908300029114,483.2546216360873,
../output/mediapipe_pose_npz/push-up__push-up_34.npz,push-up,../data/push-up/push-up_34.mp4,57,29.97002997002997,2,0.0,0.0,0.0,0.0,1.0,0.1134775829850696,502.3018511726635,
../output/mediapipe_pose_npz/push-up__push-up_35.npz,push-up,../data/push-up/push-up_35.mp4,75,29.97002997002997,2,0.0,0.0,0.0,0.0,1.0,0.16301316698081791,460.0855341263654,
../output/mediapipe_pose_npz/push-up__push-up_36.npz,push-up,../data/push-up/push-up_36.mp4,75,29.97002997002997,2,0.0,0.0,0.0,0.0,1.0,0.16405979200499132,457.15040280995976,
../output/mediapipe_pose_npz/push-up__push-up_37.npz,push-up,../data/push-up/push-up_37.mp4,75,29.97002997002997,2,0.0,0.0,0.0,0.0,1.0,0.14875629200832918,504.18035423873425,
../output/mediapipe_pose_npz/push-up__push-up_38.npz,push-up,../data/push-up/push-up_38.mp4,75,29.97002997002997,2,0.0,0.0,0.0,0.0,1.0,0.15582783397985622,481.3004075362763,
../output/mediapipe_pose_npz/push-up__push-up_39.npz,push-up,../data/push-up/push-up_39.mp4,73,29.97002997002997,2,0.0,0.0,0.0,0.0,1.0,0.15700641699368134,464.9491491990283,
../output/mediapipe_pose_npz/push-up__push-up_4.npz,push-up,../data/push-up/push-up_4.mp4,75,29.97002997002997,2,0.0,0.0,0.0,0.0,1.0,0.15150579204782844,495.0305792687019,
../output/mediapipe_pose_npz/push-up__push-up_40.npz,push-up,../data/push-up/push-up_40.mp4,75,29.97002997002997,2,0.0,0.0,0.0,0.0,1.0,0.1617488749907352,463.6817412442338,
../output/mediapipe_pose_npz/push-up__push-up_41.npz,push-up,../data/push-up/push-up_41.mp4,54,29.97002997002997,2,0.0,0.0,0.0,0.0,1.0,0.12022520799655467,449.15705200150285,
../output/mediapipe_pose_npz/push-up__push-up_42.npz,push-up,../data/push-up/push-up_42.mp4,75,29.97002997002997,2,0.0,0.0,0.0,0.0,1.0,0.15559933305485174,482.0072074059666,
../output/mediapipe_pose_npz/push-up__push-up_43.npz,push-up,../data/push-up/push-up_43.mp4,41,29.97002997002997,2,0.0,0.0,0.0,0.0,1.0,0.08995504199992865,455.78323447431126,
../output/mediapipe_pose_npz/push-up__push-up_44.npz,push-up,../data/push-up/push-up_44.mp4,57,29.97002997002997,2,0.0,0.0,0.0,0.0,1.0,0.12202758400235325,467.1075025045221,
../output/mediapipe_pose_npz/push-up__push-up_45.npz,push-up,../data/push-up/push-up_45.mp4,75,29.97002997002997,2,0.0,0.0,0.0,0.0,1.0,0.16704333300003782,448.98529413312787,
../output/mediapipe_pose_npz/push-up__push-up_46.npz,push-up,../data/push-up/push-up_46.mp4,75,29.97002997002997,2,0.0,0.0,0.0,0.0,1.0,0.16275354201206937,460.8194640362309,
../output/mediapipe_pose_npz/push-up__push-up_47.npz,push-up,../data/push-up/push-up_47.mp4,53,29.97002997002997,2,0.0,0.0,0.0,0.0,1.0,0.1171995839686133,452.22003530484966,
../output/mediapipe_pose_npz/push-up__push-up_48.npz,push-up,../data/push-up/push-up_48.mp4,75,29.97002997002997,2,0.0,0.0,0.0,0.0,1.0,0.1539470839779824,487.18038732533927,
../output/mediapipe_pose_npz/push-up__push-up_49.npz,push-up,../data/push-up/push-up_49.mp4,75,29.97002997002997,2,0.0,0.0,0.0,0.0,1.0,0.15090883400989696,496.98879785315495,
../output/mediapipe_pose_npz/push-up__push-up_5.npz,push-up,../data/push-up/push-up_5.mp4,75,29.97002997002997,2,0.0,0.0,0.0,0.0,1.0,0.1448729169787839,517.6951052278699,
../output/mediapipe_pose_npz/push-up__push-up_50.npz,push-up,../data/push-up/push-up_50.mp4,75,29.97002997002997,2,0.0,0.0,0.0,0.0,1.0,0.15116325003327802,496.152338504822,
../output/mediapipe_pose_npz/push-up__push-up_51.npz,push-up,../data/push-up/push-up_51.mp4,67,29.97002997002997,2,0.0,0.0,0.0,0.0,1.0,0.09571149997645989,700.0203738994641,
../output/mediapipe_pose_npz/push-up__push-up_52.npz,push-up,../data/push-up/push-up_52.mp4,206,29.97002997002997,2,0.0,0.0,0.0,0.0,1.0,0.24173570796847343,852.170338139974,
../output/mediapipe_pose_npz/push-up__push-up_53.npz,push-up,../data/push-up/push-up_53.mp4,332,29.97002997002997,2,0.0,0.0,0.0,0.0,1.0,0.3786650829715654,876.7642302655363,
../output/mediapipe_pose_npz/push-up__push-up_54.npz,push-up,../data/push-up/push-up_54.mp4,389,29.97002997002997,2,0.0,0.0,0.0,0.0,1.0,0.4046092909993604,961.4213233690052,
../output/mediapipe_pose_npz/push-up__push-up_55.npz,push-up,../data/push-up/push-up_55.mp4,238,29.97002997002997,2,0.0,0.0,0.0,0.0,1.0,0.33603529195534065,708.2589409437101,
../output/mediapipe_pose_npz/push-up__push-up_56.npz,push-up,../data/push-up/push-up_56.mp4,292,29.97002997002997,2,0.0,0.0,0.0,0.0,1.0,0.2981393749942072,979.4077015344703,
../output/mediapipe_pose_npz/push-up__push-up_6.npz,push-up,../data/push-up/push-up_6.mp4,75,29.97002997002997,2,0.0,0.0,0.0,0.0,1.0,0.16005287499865517,468.5951439524606,
../output/mediapipe_pose_npz/push-up__push-up_7.npz,push-up,../data/push-up/push-up_7.mp4,75,29.97002997002997,2,0.0,0.0,0.0,0.0,1.0,0.1647633329848759,455.19836629479005,
../output/mediapipe_pose_npz/push-up__push-up_8.npz,push-up,../data/push-up/push-up_8.mp4,75,29.97002997002997,2,0.0,0.0,0.0,0.0,1.0,0.16162779199657962,464.0291070831875,
../output/mediapipe_pose_npz/push-up__push-up_9.npz,push-up,../data/push-up/push-up_9.mp4,75,29.97002997002997,2,0.0,0.0,0.0,0.0,1.0,0.15405824995832518,486.8288457144522,
../output/mediapipe_pose_npz/squat__010470ae-997d-4dec-ac14-0eb862466491.npz,squat,../data/squat/010470ae-997d-4dec-ac14-0eb862466491.mp4,150,29.97002997002997,2,0.0,0.0,0.0,0.0,1.0,0.16952758404659107,884.8117599480192,
../output/mediapipe_pose_npz/squat__06651774-141d-49f6-a5b5-314044c454b5.npz,squat,../data/squat/06651774-141d-49f6-a5b5-314044c454b5.mp4,105,30.0,2,0.0,0.0,0.0,0.0,1.0,0.22277774999383837,471.321754541933,
../output/mediapipe_pose_npz/squat__152cec7f-2e2f-484c-bdc2-a58e03e381ea.npz,squat,../data/squat/152cec7f-2e2f-484c-bdc2-a58e03e381ea.mp4,120,24.0,2,0.0,0.0,0.0,0.0,1.0,0.12913954199757427,929.2273934365824,
../output/mediapipe_pose_npz/squat__1e2c254b-0d5a-4fd6-a6d4-2681333d927b.npz,squat,../data/squat/1e2c254b-0d5a-4fd6-a6d4-2681333d927b.mp4,150,29.97002997002997,2,0.0,0.0,0.0,0.0,1.0,0.16436291695572436,912.6146139180933,
../output/mediapipe_pose_npz/squat__28ca66f7-5ced-4e60-8f47-50152302439e.npz,squat,../data/squat/28ca66f7-5ced-4e60-8f47-50152302439e.mp4,150,30.0,2,0.0,0.0,0.0,0.0,1.0,0.19585958297830075,765.8547910653853,
../output/mediapipe_pose_npz/squat__29d8804e-dfc4-4961-ba6e-4168704c28b8.npz,squat,../data/squat/29d8804e-dfc4-4961-ba6e-4168704c28b8.mp4,150,30.0,2,0.0,0.0,0.0,0.0,1.0,0.3043398750014603,492.8700190840265,
../output/mediapipe_pose_npz/squat__2a516b63-bccf-490e-807a-e6102303381f.npz,squat,../data/squat/2a516b63-bccf-490e-807a-e6102303381f.mp4,150,30.0,2,0.0,0.0,0.0,0.0,1.0,0.3025515410117805,495.7832952969802,
../output/mediapipe_pose_npz/squat__2df1d9bc-0945-439f-a27c-8ab0d25b127c.npz,squat,../data/squat/2df1d9bc-0945-439f-a27c-8ab0d25b127c.mp4,150,30.0,2,0.0,0.0,0.0,0.0,1.0,0.19295404199510813,777.3871873790697,
../output/mediapipe_pose_npz/squat__313255a7-7c6a-4bba-acc3-8a0e3f74902b.npz,squat,../data/squat/313255a7-7c6a-4bba-acc3-8a0e3f74902b.mp4,150,29.97002997002997,2,0.0,0.0,0.0,0.0,1.0,0.16883316700113937,888.4510233643116,
../output/mediapipe_pose_npz/squat__38121baf-dd42-43e6-a5f4-15c9c3fd08b3.npz,squat,../data/squat/38121baf-dd42-43e6-a5f4-15c9c3fd08b3.mp4,150,30.0,2,0.0,0.0,0.0,0.0,1.0,0.0810047920094803,1851.7423016461166,
../output/mediapipe_pose_npz/squat__385c01f2-e604-46d4-a84b-949b733395dd.npz,squat,../data/squat/385c01f2-e604-46d4-a84b-949b733395dd.mp4,60,23.976023976023978,2,0.0,0.0,0.0,0.0,1.0,0.06600920902565122,908.9640807040115,
../output/mediapipe_pose_npz/squat__46018e2d-f905-4883-b72f-41082c0d4929.npz,squat,../data/squat/46018e2d-f905-4883-b72f-41082c0d4929.mp4,150,30.0,2,0.0,0.0,0.0,0.0,1.0,0.3053385419771075,491.2579952361406,
../output/mediapipe_pose_npz/squat__4cd1af6b-3188-4402-b21b-9aba70e05c31.npz,squat,../data/squat/4cd1af6b-3188-4402-b21b-9aba70e05c31.mp4,120,24.0,2,0.0,0.0,0.0,0.0,1.0,0.1344276670133695,892.673380905029,
../output/mediapipe_pose_npz/squat__4cfcdaa2-8d11-452d-9921-0080857d954a.npz,squat,../data/squat/4cfcdaa2-8d11-452d-9921-0080857d954a.mp4,150,30.0,2,0.0,0.0,0.0,0.0,1.0,0.20245325000723824,740.9117907202631,
../output/mediapipe_pose_npz/squat__5010860f-ef14-49ee-baaa-222e310f34ab.npz,squat,../data/squat/5010860f-ef14-49ee-baaa-222e310f34ab.mp4,150,30.0,2,0.0,0.0,0.0,0.0,1.0,0.17212620901409537,871.4535738582179,
../output/mediapipe_pose_npz/squat__51595044-8a41-46cb-9915-e2e970cc0570.npz,squat,../data/squat/51595044-8a41-46cb-9915-e2e970cc0570.mp4,150,30.0,2,0.0,0.0,0.0,0.0,1.0,0.29375729098683223,510.62562394995604,
../output/mediapipe_pose_npz/squat__58fbf1d4-a165-43ba-a848-c7986373767e.npz,squat,../data/squat/58fbf1d4-a165-43ba-a848-c7986373767e.mp4,151,29.97002997002997,2,0.0,0.0,0.0,0.0,1.0,0.1697596670128405,889.492790938253,
../output/mediapipe_pose_npz/squat__5aa83733-033b-4e53-8332-17a2bfaee7f9.npz,squat,../data/squat/5aa83733-033b-4e53-8332-17a2bfaee7f9.mp4,60,30.0,2,0.0,0.0,0.0,0.0,1.0,0.03416716598439962,1756.0718974291105,
../output/mediapipe_pose_npz/squat__6dddd176-2460-48cf-bd01-3eaaa0dc754f.npz,squat,../data/squat/6dddd176-2460-48cf-bd01-3eaaa0dc754f.mp4,150,30.0,2,0.0,0.0,0.0,0.0,1.0,0.17009987495839596,881.8348634100283,
../output/mediapipe_pose_npz/squat__6eb155bd-81a2-4849-adfa-d4aa296392f5.npz,squat,../data/squat/6eb155bd-81a2-4849-adfa-d4aa296392f5.mp4,150,30.0,2,0.0,0.0,0.0,0.0,1.0,0.1955805000034161,766.9476251332829,
../output/mediapipe_pose_npz/squat__70cb840f-2626-4c5e-b530-f1142de94195.npz,squat,../data/squat/70cb840f-2626-4c5e-b530-f1142de94195.mp4,150,30.0,2,0.0,0.0,0.0,0.0,1.0,0.29746362497098744,504.2633364487169,
../output/mediapipe_pose_npz/squat__71ef5d06-bfea-449b-8ff3-b428ae7dbaa7.npz,squat,../data/squat/71ef5d06-bfea-449b-8ff3-b428ae7dbaa7.mp4,120,23.976023976023978,2,0.0,0.0,0.0,0.0,1.0,0.11915504198987037,1007.0912484777729,
../output/mediapipe_pose_npz/squat__7a483ceb-a276-4cf2-b09c-1895a0695190.npz,squat,../data/squat/7a483ceb-a276-4cf2-b09c-1895a0695190.mp4,150,30.0,2,0.0,0.0,0.0,0.0,1.0,0.18806420802138746,797.599934501845,
../output/mediapipe_pose_npz/squat__7ddd38c8-0649-4092-8ddc-5ce2ba0bd4d1.npz,squat,../data/squat/7ddd38c8-0649-4092-8ddc-5ce2ba0bd4d1.mp4,150,30.0,2,0.0,0.0,0.0,0.0,1.0,0.2979429580154829,503.4520735079938,
../output/mediapipe_pose_npz/squat__823a1db4-de50-4f46-a009-d167a83ac71d.npz,squat,../data/squat/823a1db4-de50-4f46-a009-d167a83ac71d.mp4,150,30.0,2,0.0,0.0,0.0,0.0,1.0,0.1996923330007121,751.1555288377801,
../output/mediapipe_pose_npz/squat__88ebea7d-25ee-4471-8cd8-7695ed4d1ba6.npz,squat,../data/squat/88ebea7d-25ee-4471-8cd8-7695ed4d1ba6.mp4,150,29.97002997002997,2,0.0,0.0,0.0,0.0,1.0,0.1673057919833809,896.5619075214087,
../output/mediapipe_pose_npz/squat__897f5a21-f1a1-477e-aa8b-11b7ee9378d2.npz,squat,../data/squat/897f5a21-f1a1-477e-aa8b-11b7ee9378d2.mp4,90,30.0,2,0.0,0.0,0.0,0.0,1.0,0.4774490419658832,188.50179200156626,
../output/mediapipe_pose_npz/squat__8bd85f6b-1ab8-4b99-98fd-c5cde884674b.npz,squat,../data/squat/8bd85f6b-1ab8-4b99-98fd-c5cde884674b.mp4,150,30.0,2,0.0,0.0,0.0,0.0,1.0,0.23056916700443253,650.564001894999,
../output/mediapipe_pose_npz/squat__8e308f5b-a064-4277-902e-a217094e4f0a.npz,squat,../data/squat/8e308f5b-a064-4277-902e-a217094e4f0a.mp4,150,30.0,2,0.0,0.0,0.0,0.0,1.0,0.1082732499926351,1385.3837398452822,
../output/mediapipe_pose_npz/squat__8e51f84f-3a62-4ad2-a741-fac7608486ab.npz,squat,../data/squat/8e51f84f-3a62-4ad2-a741-fac7608486ab.mp4,151,29.97002997002997,2,0.0,0.0,0.0,0.0,1.0,0.1886826670379378,800.2854865817586,
../output/mediapipe_pose_npz/squat__8f25a348-6597-443e-acc3-9326606654bb.npz,squat,../data/squat/8f25a348-6597-443e-acc3-9326606654bb.mp4,150,29.97002997002997,2,0.0,0.0,0.0,0.0,1.0,0.1711102079716511,876.6280035429063,
../output/mediapipe_pose_npz/squat__905e1f72-d39c-4486-9620-7d6c559aec10.npz,squat,../data/squat/905e1f72-d39c-4486-9620-7d6c559aec10.mp4,120,23.976023976023978,2,0.0,0.0,0.0,0.0,1.0,0.11804287496488541,1016.5797811659262,
../output/mediapipe_pose_npz/squat__9d3ca92d-9a3e-4902-a876-ea6982545eba.npz,squat,../data/squat/9d3ca92d-9a3e-4902-a876-ea6982545eba.mp4,150,30.0,2,0.0,0.0,0.0,0.0,1.0,0.07716333301505074,1943.9284714508435,
../output/mediapipe_pose_npz/squat__a04f386a-390f-481e-aacc-c899d8f2b102.npz,squat,../data/squat/a04f386a-390f-481e-aacc-c899d8f2b102.mp4,150,30.0,2,0.0,0.0,0.0,0.0,1.0,0.29561866697622463,507.4104471625395,
../output/mediapipe_pose_npz/squat__a6adb0b9-898d-4f52-9ed1-39d480fa8db3.npz,squat,../data/squat/a6adb0b9-898d-4f52-9ed1-39d480fa8db3.mp4,150,30.0,2,0.0,0.0,0.0,0.0,1.0,0.07592375000240281,1975.6663757421472,
../output/mediapipe_pose_npz/squat__b32631e6-ee05-4f7e-a454-d2775fb44018.npz,squat,../data/squat/b32631e6-ee05-4f7e-a454-d2775fb44018.mp4,150,30.0,2,0.0,0.0,0.0,0.0,1.0,0.07559695898089558,1984.206799084433,
../output/mediapipe_pose_npz/squat__b4a1baa9-f386-46a7-95f5-ee55414164c5.npz,squat,../data/squat/b4a1baa9-f386-46a7-95f5-ee55414164c5.mp4,120,24.0,2,0.0,0.0,0.0,0.0,1.0,0.1306312499800697,918.6163342868441,
../output/mediapipe_pose_npz/squat__b672f03b-1505-4bef-baf6-263a7cb4ac16.npz,squat,../data/squat/b672f03b-1505-4bef-baf6-263a7cb4ac16.mp4,150,29.97002997002997,2,0.0,0.0,0.0,0.0,1.0,0.16332283400697634,918.4263848470371,
../output/mediapipe_pose_npz/squat__b7ecf652-7d37-4843-98ef-17b8df0f64b2.npz,squat,../data/squat/b7ecf652-7d37-4843-98ef-17b8df0f64b2.mp4,150,30.0,2,0.0,0.0,0.0,0.0,1.0,0.1908696669852361,785.876574152574,
../output/mediapipe_pose_npz/squat__c11e517e-13fc-44aa-8bab-deaef4c97ace.npz,squat,../data/squat/c11e517e-13fc-44aa-8bab-deaef4c97ace.mp4,96,23.976023976023978,2,0.0,0.0,0.0,0.0,1.0,0.09730937500717118,986.5442049435145,
../output/mediapipe_pose_npz/squat__c569697f-f000-487c-a0e4-5c24f14ffa2d.npz,squat,../data/squat/c569697f-f000-487c-a0e4-5c24f14ffa2d.mp4,150,30.0,2,0.0,0.0,0.0,0.0,1.0,0.07432641700142995,2018.1249958156088,
../output/mediapipe_pose_npz/squat__ca2ce3db-c5e4-462b-83d6-4df4acb39472.npz,squat,../data/squat/ca2ce3db-c5e4-462b-83d6-4df4acb39472.mp4,135,30.0,2,0.0,0.0,0.0,0.0,1.0,0.06750562496017665,1999.8333484008194,
../output/mediapipe_pose_npz/squat__caac8484-34b4-4b4f-a8e8-bb4f1ab45d82.npz,squat,../data/squat/caac8484-34b4-4b4f-a8e8-bb4f1ab45d82.mp4,150,30.0,2,0.0,0.0,0.0,0.0,1.0,0.29921929200645536,501.3045749629135,
../output/mediapipe_pose_npz/squat__cfa8bf68-b807-4189-9ef0-744ad39d0ee8.npz,squat,../data/squat/cfa8bf68-b807-4189-9ef0-744ad39d0ee8.mp4,120,23.976023976023978,2,0.0,0.0,0.0,0.0,1.0,0.11687704198993742,1026.7200295018713,
../output/mediapipe_pose_npz/squat__d3e48e1f-1531-48bd-9a06-7b5b018c47fa.npz,squat,../data/squat/d3e48e1f-1531-48bd-9a06-7b5b018c47fa.mp4,120,23.976023976023978,2,0.0,0.0,0.0,0.0,1.0,0.11771183303790167,1019.438716593272,
../output/mediapipe_pose_npz/squat__dc6f79f3-7dd6-4398-b70b-e46a09528030.npz,squat,../data/squat/dc6f79f3-7dd6-4398-b70b-e46a09528030.mp4,120,24.0,2,0.0,0.0,0.0,0.0,1.0,0.13651537499390543,879.0218684551631,
../output/mediapipe_pose_npz/squat__ea1f5064-cfc7-4048-af0c-83d7f2d64525.npz,squat,../data/squat/ea1f5064-cfc7-4048-af0c-83d7f2d64525.mp4,61,29.97002997002997,2,0.0,0.0,0.0,0.0,1.0,0.07581037498312071,804.6392068840411,
../output/mediapipe_pose_npz/squat__eb9109c5-9623-4dc7-b0c9-a4b889c0b1b4.npz,squat,../data/squat/eb9109c5-9623-4dc7-b0c9-a4b889c0b1b4.mp4,61,29.97002997002997,2,0.0,0.0,0.0,0.0,1.0,0.07118212501518428,856.9567147228005,
../output/mediapipe_pose_npz/squat__f62d09cb-aadd-4417-865a-4dcd44103496.npz,squat,../data/squat/f62d09cb-aadd-4417-865a-4dcd44103496.mp4,150,30.0,2,0.0,0.0,0.0,0.0,1.0,0.29598558304132894,506.7814400239057,
../output/mediapipe_pose_npz/squat__fb4234a7-cc47-482f-bdf4-8dc48f6c8ec8.npz,squat,../data/squat/fb4234a7-cc47-482f-bdf4-8dc48f6c8ec8.mp4,150,30.0,2,0.0,0.0,0.0,0.0,1.0,0.28625245799776167,524.0129676062832,
../output/mediapipe_pose_npz/squat__fecbdbfa-a237-47d9-b758-e0bf196d098a.npz,squat,../data/squat/fecbdbfa-a237-47d9-b758-e0bf196d098a.mp4,150,29.97002997002997,2,0.0,0.0,0.0,0.0,1.0,0.16224145801970735,924.5479042833775,
../output/mediapipe_pose_npz/squat__ffe9d2d8-4bd8-460d-be63-9dcabab30b10.npz,squat,../data/squat/ffe9d2d8-4bd8-460d-be63-9dcabab30b10.mp4,105,30.0,2,0.0,0.0,0.0,0.0,1.0,0.13247912499355152,792.5776986005224,
../output/mediapipe_pose_npz/squat__squat_10.npz,squat,../data/squat/squat_10.mp4,88,23.976023976023978,2,0.0,0.0,0.0,0.0,1.0,0.18429137504426762,477.5047121921034,
../output/mediapipe_pose_npz/squat__squat_11.npz,squat,../data/squat/squat_11.mp4,72,23.976023976023978,2,0.0,0.0,0.0,0.0,1.0,0.15007516701007262,479.75958604242345,
../output/mediapipe_pose_npz/squat__squat_12.npz,squat,../data/squat/squat_12.mp4,57,23.976023976023978,2,0.0,0.0,0.0,0.0,1.0,0.12378362502204254,460.4809399454074,
../output/mediapipe_pose_npz/squat__squat_13.npz,squat,../data/squat/squat_13.mp4,65,23.976023976023978,2,0.0,0.0,0.0,0.0,1.0,0.11829254199983552,549.4851907070387,
../output/mediapipe_pose_npz/squat__squat_14.npz,squat,../data/squat/squat_14.mp4,51,23.976023976023978,2,0.0,0.0,0.0,0.0,1.0,0.10169275000225753,501.5106779870524,
../output/mediapipe_pose_npz/squat__squat_15.npz,squat,../data/squat/squat_15.mp4,140,23.976023976023978,2,0.0,0.0,0.0,0.0,1.0,0.2882243749918416,485.73268657088005,
../output/mediapipe_pose_npz/squat__squat_16.npz,squat,../data/squat/squat_16.mp4,24,23.976023976023978,2,0.0,0.0,0.0,0.0,1.0,0.0722215420100838,332.3108221179914,
../output/mediapipe_pose_npz/squat__squat_17.npz,squat,../data/squat/squat_17.mp4,55,25.0,2,0.0,0.0,0.0,0.0,1.0,0.09461008297512308,581.3333872084414,
../output/mediapipe_pose_npz/squat__squat_18.npz,squat,../data/squat/squat_18.mp4,47,25.0,2,0.0,0.0,0.0,0.0,1.0,0.08134058403084055,577.8173412448059,
../output/mediapipe_pose_npz/squat__squat_19.npz,squat,../data/squat/squat_19.mp4,72,25.0,2,0.0,0.0,0.0,0.0,1.0,0.11764712497824803,611.9996558633472,
../output/mediapipe_pose_npz/squat__squat_20.npz,squat,../data/squat/squat_20.mp4,117,29.97002997002997,2,0.0,0.0,0.0,0.0,1.0,0.19578545895637944,597.5928990010813,
../output/mediapipe_pose_npz/squat__squat_21.npz,squat,../data/squat/squat_21.mp4,174,29.97002997002997,2,0.0,0.0,0.0,0.0,1.0,0.3260567500256002,533.6494336839783,
../output/mediapipe_pose_npz/squat__squat_22.npz,squat,../data/squat/squat_22.mp4,190,29.97002997002997,2,0.0,0.0,0.0,0.0,1.0,0.36722270800964907,517.39719754751,
../output/mediapipe_pose_npz/squat__squat_23.npz,squat,../data/squat/squat_23.mp4,216,29.97002997002997,2,0.0,0.0,0.0,0.0,1.0,0.4139941670000553,521.7464815149706,
../output/mediapipe_pose_npz/squat__squat_24.npz,squat,../data/squat/squat_24.mp4,99,29.97002997002997,2,0.0,0.0,0.0,0.0,1.0,0.18889316701097414,524.1057766491277,
../output/mediapipe_pose_npz/squat__squat_25.npz,squat,../data/squat/squat_25.mp4,169,29.97002997002997,2,0.0,0.0,0.0,0.0,1.0,0.37671237502945587,448.6181267254243,
../output/mediapipe_pose_npz/squat__squat_26.npz,squat,../data/squat/squat_26.mp4,184,29.97002997002997,2,0.0,0.0,0.0,0.0,1.0,0.4486184999695979,410.1480434098669,
../output/mediapipe_pose_npz/squat__squat_27.npz,squat,../data/squat/squat_27.mp4,324,29.97002997002997,2,0.0,0.0,0.0,0.0,1.0,0.45408225001301616,713.5271197909908,
../output/mediapipe_pose_npz/squat__squat_28.npz,squat,../data/squat/squat_28.mp4,189,29.97002997002997,2,0.0,0.0,0.0,0.0,1.0,0.27295745903393254,692.415589846565,
../output/mediapipe_pose_npz/squat__squat_29.npz,squat,../data/squat/squat_29.mp4,28,23.976023976023978,2,0.0,0.0,0.0,0.0,1.0,0.07149741699686274,391.6225393321359,
../output/mediapipe_pose_npz/squat__squat_7.npz,squat,../data/squat/squat_7.mp4,29,25.0,2,0.0,0.0,0.0,0.0,1.0,0.06016212498070672,482.03084597327563,
../output/mediapipe_pose_npz/squat__squat_8.npz,squat,../data/squat/squat_8.mp4,51,23.976023976023978,2,0.0,0.0,0.0,0.0,1.0,0.10447820799890906,488.14007223910784,
../output/mediapipe_pose_npz/squat__squat_9.npz,squat,../data/squat/squat_9.mp4,36,23.976023976023978,2,0.0,0.0,0.0,0.0,1.0,0.07660187501460314,469.9623866013342,
